UTC DateTime,region,nuclear(GW),geothermal(GW),biomass(GW),coal(GW),wind(GW),solar(GW),hydro(GW),gas(GW),oil,unknown,hydro-discharge,battery_discharge,renewable_percentage,total_consumption(GW),breakdown estimated?,UTC time,UTC date,Carbon_Intensity(gCO2eq/kWh),intensity estimated?
7/15/2024 2:00,US-CAL-BANC,0,0,0,0,0,37,1363,1430,0,11,0,0,49,2841,FALSE,2:00:00,7/15/2024,422,FALSE
7/15/2024 3:00,US-CAL-BANC,0,0,0,0,0,1,1322,1453,0,13,0,0,47,2789,FALSE,3:00:00,7/15/2024,408,FALSE
7/15/2024 4:00,US-CAL-BANC,0,0,0,0,0,0,1241,1438,0,13,0,0,46,2692,FALSE,4:00:00,7/15/2024,420,FALSE
7/15/2024 5:00,US-CAL-BANC,0,0,0,0,0,0,1237,1231,0,12,0,0,50,2480,FALSE,5:00:00,7/15/2024,459,FALSE
7/15/2024 6:00,US-CAL-BANC,0,0,0,0,0,0,1212,1137,0,13,0,0,51,2362,FALSE,6:00:00,7/15/2024,489,FALSE
7/15/2024 19:00,US-CAL-BANC,0,0,0,0,0,322,815,897,0,15,0,0,55,2049,FALSE,19:00:00,7/15/2024,247,FALSE
7/15/2024 20:00,US-CAL-BANC,0,0,0,0,0,327,850,1015,0,12,0,0,53,2204,FALSE,20:00:00,7/15/2024,249,FALSE
7/15/2024 21:00,US-CAL-BANC,0,0,0,0,0,323,994,1148,0,13,0,0,53,2478,FALSE,21:00:00,7/15/2024,253,FALSE
7/15/2024 22:00,US-CAL-BANC,0,0,0,0,0,303,1166,1068,0,11,0,0,58,2548,FALSE,22:00:00,7/15/2024,300,FALSE
7/15/2024 23:00,US-CAL-BANC,0,0,0,0,0,269,1198,1113,0,15,0,0,57,2595,FALSE,23:00:00,7/15/2024,312,FALSE
7/16/2024 0:00,US-CAL-BANC,0,0,0,0,0,215,1253,1164,0,10,0,0,56,2642,FALSE,0:00:00,7/16/2024,322,FALSE
7/16/2024 1:00,US-CAL-BANC,0,0,0,0,0,140,1433,1086,0,14,0,0,59,2673,FALSE,1:00:00,7/16/2024,350,FALSE
7/16/2024 2:00,US-CAL-BANC,0,0,0,0,0,40,1403,1190,0,13,0,0,55,2646,FALSE,2:00:00,7/16/2024,352,FALSE
7/16/2024 3:00,US-CAL-BANC,0,0,0,0,0,0,1419,1206,0,12,0,0,54,2637,FALSE,3:00:00,7/16/2024,337,FALSE
7/16/2024 4:00,US-CAL-BANC,0,0,0,0,0,0,1380,1205,0,12,0,0,53,2597,FALSE,4:00:00,7/16/2024,340,FALSE
7/16/2024 5:00,US-CAL-BANC,0,0,0,0,0,0,1300,1159,0,15,0,0,53,2474,FALSE,5:00:00,7/16/2024,387,FALSE
7/16/2024 6:00,US-CAL-BANC,0,0,0,0,0,0,1233,1117,0,12,0,0,52,2362,FALSE,6:00:00,7/16/2024,333,FALSE
7/15/2024 2:00,US-CAL-CISO,2265,801,515,0,2543,1534,4379,15374,0,8,0,6006,47,33426,FALSE,2:00:00,7/15/2024,422,FALSE
7/15/2024 3:00,US-CAL-CISO,2266,784,513,0,2772,17,4419,15719,0,5,0,4778,43,31273,FALSE,3:00:00,7/15/2024,408,FALSE
7/15/2024 4:00,US-CAL-CISO,2265,784,515,0,2657,0,4354,15584,0,9,0,3125,39,29293,FALSE,4:00:00,7/15/2024,420,FALSE
7/15/2024 5:00,US-CAL-CISO,2269,789,498,0,2404,0,4115,13923,0,18,0,1311,36,25327,FALSE,5:00:00,7/15/2024,459,FALSE
7/15/2024 6:00,US-CAL-CISO,2247,784,483,0,2288,0,3830,12069,0,64,0,80,34,21846,FALSE,6:00:00,7/15/2024,489,FALSE
7/15/2024 7:00,US-CAL-CISO,2240,782,486,0,2022,0,3607,10795,0,17,0,0,35,19950,FALSE,7:00:00,7/15/2024,489,TRUE
7/15/2024 8:00,US-CAL-CISO,2202,769,478,0,2233,0,3407,10009,0,5,0,0,36,19102,FALSE,8:00:00,7/15/2024,462,TRUE
7/15/2024 9:00,US-CAL-CISO,2192,768,474,0,2406,0,3203,9084,0,5,0,0,38,18132,FALSE,9:00:00,7/15/2024,488,TRUE
7/15/2024 10:00,US-CAL-CISO,2225,779,479,0,2002,0,3077,9016,0,3,0,0,36,17581,FALSE,10:00:00,7/15/2024,506,TRUE
7/15/2024 11:00,US-CAL-CISO,2246,787,485,0,1771,0,3370,9041,0,3,0,0,36,17703,FALSE,11:00:00,7/15/2024,515,TRUE
7/15/2024 12:00,US-CAL-CISO,2263,796,498,0,1873,1,3038,9542,0,8,0,277,35,18296,FALSE,12:00:00,7/15/2024,499,TRUE
7/15/2024 13:00,US-CAL-CISO,2257,797,510,0,1821,1570,2850,9350,0,8,0,550,41,19713,FALSE,13:00:00,7/15/2024,369,TRUE
7/15/2024 14:00,US-CAL-CISO,2100,743,477,0,1464,7534,2457,7538,0,3,0,0,57,22316,FALSE,14:00:00,7/15/2024,303,TRUE
7/15/2024 15:00,US-CAL-CISO,1906,674,435,0,1207,10737,1791,6280,0,1,0,0,64,23031,FALSE,15:00:00,7/15/2024,281,TRUE
7/15/2024 16:00,US-CAL-CISO,1860,653,422,0,1046,12175,1551,5753,0,0,0,0,68,23460,FALSE,16:00:00,7/15/2024,283,TRUE
7/15/2024 17:00,US-CAL-CISO,1814,629,403,0,1035,13268,1468,5238,0,0,0,0,70,23855,FALSE,17:00:00,7/15/2024,288,TRUE
7/15/2024 18:00,US-CAL-CISO,1872,647,420,0,1117,14141,1345,5586,0,0,0,0,70,25127,FALSE,18:00:00,7/15/2024,306,TRUE
7/15/2024 19:00,US-CAL-CISO,1989,686,449,0,1230,15256,1456,6168,0,0,0,0,70,27235,FALSE,19:00:00,7/15/2024,317,TRUE
7/15/2024 19:00,US-CAL-CISO,1989,686,449,0,1230,15256,1456,6168,0,0,0,0,70,27235,FALSE,19:00:00,7/15/2024,247,FALSE
7/15/2024 20:00,US-CAL-CISO,2103,724,476,0,1310,15565,1602,7085,0,0,0,0,68,28866,FALSE,20:00:00,7/15/2024,335,TRUE
7/15/2024 20:00,US-CAL-CISO,2103,724,476,0,1310,15565,1602,7085,0,0,0,0,68,28866,FALSE,20:00:00,7/15/2024,249,FALSE
7/15/2024 21:00,US-CAL-CISO,2217,767,501,0,1434,14363,2025,8785,0,0,0,120,64,30212,FALSE,21:00:00,7/15/2024,333,TRUE
7/15/2024 21:00,US-CAL-CISO,2217,767,501,0,1434,14363,2025,8785,0,0,0,120,64,30212,FALSE,21:00:00,7/15/2024,253,FALSE
7/15/2024 22:00,US-CAL-CISO,2232,776,500,0,1995,13885,2398,9838,0,0,0,228,62,31853,FALSE,22:00:00,7/15/2024,349,TRUE
7/15/2024 22:00,US-CAL-CISO,2232,776,500,0,1995,13885,2398,9838,0,0,0,228,62,31853,FALSE,22:00:00,7/15/2024,300,FALSE
7/15/2024 23:00,US-CAL-CISO,2224,775,499,0,2661,13379,2599,11524,0,0,0,59,59,33719,FALSE,23:00:00,7/15/2024,378,TRUE
7/15/2024 23:00,US-CAL-CISO,2224,775,499,0,2661,13379,2599,11524,0,0,0,59,59,33719,FALSE,23:00:00,7/15/2024,312,FALSE
7/16/2024 0:00,US-CAL-CISO,2242,786,495,0,3026,12286,3258,12934,0,0,0,361,57,35389,FALSE,0:00:00,7/16/2024,407,TRUE
7/16/2024 0:00,US-CAL-CISO,2243,787,498,0,3304,12001,3297,13065,0,0,0,859,58,36054,FALSE,0:00:00,7/16/2024,407,TRUE
7/16/2024 0:00,US-CAL-CISO,2243,787,498,0,3304,12001,3297,13065,0,0,0,859,58,36054,FALSE,0:00:00,7/16/2024,322,FALSE
7/16/2024 1:00,US-CAL-CISO,2247,791,501,0,3792,8078,4630,13761,0,0,0,2701,56,36500,FALSE,1:00:00,7/16/2024,512,TRUE
7/16/2024 1:00,US-CAL-CISO,2247,791,501,0,3792,8078,4630,13761,0,0,0,2701,56,36500,FALSE,1:00:00,7/16/2024,350,FALSE
7/16/2024 2:00,US-CAL-CISO,2256,796,503,0,4286,1873,4927,16028,0,0,0,4638,48,35307,FALSE,2:00:00,7/16/2024,598,TRUE
7/16/2024 2:00,US-CAL-CISO,2256,796,503,0,4286,1873,4927,16028,0,0,0,4638,48,35307,FALSE,2:00:00,7/16/2024,352,FALSE
7/16/2024 3:00,US-CAL-CISO,2257,798,504,0,4546,53,4836,16182,0,0,0,4441,45,33617,FALSE,3:00:00,7/16/2024,581,TRUE
7/16/2024 3:00,US-CAL-CISO,2257,798,504,0,4546,53,4836,16182,0,0,0,4441,45,33617,FALSE,3:00:00,7/16/2024,337,FALSE
7/16/2024 4:00,US-CAL-CISO,2258,802,501,0,4715,5,4314,14813,0,0,0,4358,46,31767,FALSE,4:00:00,7/16/2024,558,TRUE
7/16/2024 4:00,US-CAL-CISO,2258,802,501,0,4715,5,4314,14813,0,0,0,4358,46,31767,FALSE,4:00:00,7/16/2024,340,FALSE
7/16/2024 5:00,US-CAL-CISO,2266,808,491,0,4922,9,4121,14108,0,6,0,1299,42,28029,FALSE,5:00:00,7/16/2024,532,TRUE
7/16/2024 5:00,US-CAL-CISO,2266,808,491,0,4922,9,4121,14108,0,6,0,1299,42,28029,FALSE,5:00:00,7/16/2024,387,FALSE
7/16/2024 6:00,US-CAL-CISO,2242,802,479,0,4754,7,3932,12902,0,19,0,67,40,25204,FALSE,6:00:00,7/16/2024,519,TRUE
7/16/2024 6:00,US-CAL-CISO,2242,802,479,0,4754,7,3932,12902,0,19,0,67,40,25204,FALSE,6:00:00,7/16/2024,333,FALSE
7/16/2024 7:00,US-CAL-CISO,2254,807,477,0,4550,4,3713,10763,0,18,0,174,43,22761,FALSE,7:00:00,7/16/2024,489,TRUE
7/16/2024 7:00,US-CAL-CISO,2254,807,477,0,4550,4,3713,10763,0,18,0,174,43,22761,FALSE,7:00:00,7/16/2024,333,TRUE
7/16/2024 8:00,US-CAL-CISO,2264,811,477,0,4229,0,3357,9809,0,21,0,292,43,21261,FALSE,8:00:00,7/16/2024,462,TRUE
7/16/2024 8:00,US-CAL-CISO,2264,811,477,0,4229,0,3357,9809,0,21,0,292,43,21261,FALSE,8:00:00,7/16/2024,310,TRUE
7/16/2024 9:00,US-CAL-CISO,2251,809,471,0,4019,0,3283,8878,0,32,0,16,44,19759,FALSE,9:00:00,7/16/2024,488,TRUE
7/16/2024 9:00,US-CAL-CISO,2251,809,471,0,4019,0,3283,8878,0,32,0,16,44,19759,FALSE,9:00:00,7/16/2024,327,TRUE
7/16/2024 10:00,US-CAL-CISO,2255,810,470,0,3728,0,3249,8730,0,54,0,2,43,19297,FALSE,10:00:00,7/16/2024,506,TRUE
7/16/2024 10:00,US-CAL-CISO,2255,810,470,0,3728,0,3249,8730,0,54,0,2,43,19297,FALSE,10:00:00,7/16/2024,338,TRUE
7/16/2024 11:00,US-CAL-CISO,2266,812,474,0,3442,0,3269,8645,0,103,0,271,43,19281,FALSE,11:00:00,7/16/2024,515,TRUE
7/16/2024 11:00,US-CAL-CISO,2266,812,474,0,3442,0,3269,8645,0,103,0,271,43,19281,FALSE,11:00:00,7/16/2024,340,TRUE
7/16/2024 12:00,US-CAL-CISO,2266,811,479,0,3042,1,3685,8677,0,128,0,971,45,20060,FALSE,12:00:00,7/16/2024,499,TRUE
7/16/2024 12:00,US-CAL-CISO,2266,811,479,0,3042,1,3685,8677,0,128,0,971,45,20060,FALSE,12:00:00,7/16/2024,328,TRUE
7/16/2024 13:00,US-CAL-CISO,2265,813,492,0,2878,525,3532,8810,0,121,0,2090,48,21526,FALSE,13:00:00,7/16/2024,369,TRUE
7/16/2024 13:00,US-CAL-CISO,2263,812,492,0,2804,1816,3549,8771,0,138,0,1250,49,21895,FALSE,13:00:00,7/16/2024,219,TRUE
7/16/2024 14:00,US-CAL-CISO,2074,743,454,0,2311,8022,3167,6992,0,43,0,0,62,23805,FALSE,14:00:00,7/16/2024,169,TRUE
7/16/2024 15:00,US-CAL-CISO,1907,679,415,0,2086,11764,2604,5353,0,0,0,0,71,24808,FALSE,15:00:00,7/16/2024,155,TRUE
7/16/2024 16:00,US-CAL-CISO,1877,664,399,0,1719,13095,2417,5187,0,5,0,0,72,25362,FALSE,16:00:00,7/16/2024,157,TRUE
7/16/2024 17:00,US-CAL-CISO,1887,664,405,0,1534,14250,2258,5165,0,18,0,0,73,26181,FALSE,17:00:00,7/16/2024,165,TRUE
7/16/2024 18:00,US-CAL-CISO,1934,678,410,0,1669,14886,2113,5439,0,1,0,0,73,27131,FALSE,18:00:00,7/16/2024,186,TRUE
7/16/2024 18:00,US-CAL-CISO,1949,683,415,0,1709,15220,2126,5497,0,1,0,0,73,27600,FALSE,18:00:00,7/16/2024,186,TRUE
7/16/2024 19:00,US-CAL-CISO,2058,720,442,0,1892,16380,2281,6573,0,0,0,0,72,30346,FALSE,19:00:00,7/16/2024,195,TRUE
7/16/2024 20:00,US-CAL-CISO,2139,747,464,0,2246,16806,2384,7073,0,0,0,0,71,31859,FALSE,20:00:00,7/16/2024,207,TRUE
7/16/2024 21:00,US-CAL-CISO,2200,767,477,0,3005,17168,2620,7413,0,0,0,4,71,33654,FALSE,21:00:00,7/16/2024,209,TRUE
7/16/2024 22:00,US-CAL-CISO,2213,772,481,0,3546,16978,2867,8345,0,0,0,38,70,35240,FALSE,22:00:00,7/16/2024,235,TRUE
7/16/2024 23:00,US-CAL-CISO,2222,776,488,0,4287,16236,3439,9788,0,0,0,53,68,37288,FALSE,23:00:00,7/16/2024,266,TRUE
7/17/2024 0:00,US-CAL-CISO,2236,781,489,0,4727,14445,3815,11612,0,0,0,384,64,38489,FALSE,0:00:00,7/17/2024,293,TRUE
7/17/2024 1:00,US-CAL-CISO,2244,786,497,0,4898,11433,4231,13420,0,0,0,1114,59,38621,FALSE,1:00:00,7/17/2024,382,TRUE
7/17/2024 1:00,US-CAL-CISO,2247,786,499,0,4912,9650,4423,13968,0,0,0,2171,58,38656,FALSE,1:00:00,7/17/2024,382,TRUE
7/17/2024 2:00,US-CAL-CISO,2251,788,502,0,4837,3982,5037,14909,0,0,0,6809,56,39115,FALSE,2:00:00,7/17/2024,448,TRUE
7/15/2024 2:00,US-CAL-IID,0,0,0,0,0,15,33,187,0,344,0,0,8,579,FALSE,2:00:00,7/15/2024,422,FALSE
7/15/2024 3:00,US-CAL-IID,0,0,0,0,0,0,32,194,0,347,0,0,6,573,FALSE,3:00:00,7/15/2024,408,FALSE
7/15/2024 4:00,US-CAL-IID,0,0,0,0,0,0,32,193,0,346,0,0,6,571,FALSE,4:00:00,7/15/2024,420,FALSE
7/15/2024 5:00,US-CAL-IID,0,0,0,0,0,0,31,208,0,349,0,0,5,588,FALSE,5:00:00,7/15/2024,459,FALSE
7/15/2024 6:00,US-CAL-IID,0,0,0,0,0,0,32,205,0,347,0,0,5,584,FALSE,6:00:00,7/15/2024,489,FALSE
7/15/2024 19:00,US-CAL-IID,0,0,0,0,0,483,32,220,0,329,0,0,48,1064,FALSE,19:00:00,7/15/2024,247,FALSE
7/15/2024 20:00,US-CAL-IID,0,0,0,0,0,483,33,250,0,316,0,0,48,1082,FALSE,20:00:00,7/15/2024,249,FALSE
7/15/2024 21:00,US-CAL-IID,0,0,0,0,0,487,33,224,0,336,0,0,48,1080,FALSE,21:00:00,7/15/2024,253,FALSE
7/15/2024 22:00,US-CAL-IID,0,0,0,0,0,442,33,214,0,334,0,0,46,1023,FALSE,22:00:00,7/15/2024,300,FALSE
7/15/2024 23:00,US-CAL-IID,0,0,0,0,0,321,32,224,0,333,0,0,39,910,FALSE,23:00:00,7/15/2024,312,FALSE
7/16/2024 0:00,US-CAL-IID,0,0,0,0,0,269,34,227,0,332,0,0,35,862,FALSE,0:00:00,7/16/2024,322,FALSE
7/16/2024 1:00,US-CAL-IID,0,0,0,0,0,131,33,241,0,334,0,0,22,739,FALSE,1:00:00,7/16/2024,350,FALSE
7/16/2024 2:00,US-CAL-IID,0,0,0,0,0,17,33,254,0,336,0,0,8,640,FALSE,2:00:00,7/16/2024,352,FALSE
7/16/2024 3:00,US-CAL-IID,0,0,0,0,0,0,35,259,0,339,0,0,6,633,FALSE,3:00:00,7/16/2024,337,FALSE
7/16/2024 4:00,US-CAL-IID,0,0,0,0,0,0,34,264,0,343,0,0,5,641,FALSE,4:00:00,7/16/2024,340,FALSE
7/16/2024 5:00,US-CAL-IID,0,0,0,0,0,0,29,250,0,341,0,0,5,620,FALSE,5:00:00,7/16/2024,387,FALSE
7/16/2024 6:00,US-CAL-IID,0,0,0,0,0,0,31,205,0,346,0,0,5,582,FALSE,6:00:00,7/16/2024,333,FALSE
7/15/2024 2:00,US-CAL-TIDC,0,0,0,0,0,0,100,246,0,0,0,0,29,346,FALSE,2:00:00,7/15/2024,422,FALSE
7/15/2024 3:00,US-CAL-TIDC,0,0,0,0,0,0,100,290,0,0,0,0,26,390,FALSE,3:00:00,7/15/2024,408,FALSE
7/15/2024 4:00,US-CAL-TIDC,0,0,0,0,0,0,100,232,0,0,0,0,30,332,FALSE,4:00:00,7/15/2024,420,FALSE
7/15/2024 5:00,US-CAL-TIDC,0,0,0,0,0,0,90,214,0,0,0,0,30,304,FALSE,5:00:00,7/15/2024,459,FALSE
7/15/2024 6:00,US-CAL-TIDC,0,0,0,0,0,0,82,185,0,0,0,0,31,267,FALSE,6:00:00,7/15/2024,489,FALSE
7/15/2024 19:00,US-CAL-TIDC,0,0,0,0,0,0,100,176,0,0,0,0,36,276,FALSE,19:00:00,7/15/2024,247,FALSE
7/15/2024 20:00,US-CAL-TIDC,0,0,0,0,0,0,100,220,0,0,0,0,31,320,FALSE,20:00:00,7/15/2024,249,FALSE
7/15/2024 21:00,US-CAL-TIDC,0,0,0,0,0,0,100,229,0,0,0,0,30,329,FALSE,21:00:00,7/15/2024,253,FALSE
7/15/2024 22:00,US-CAL-TIDC,0,0,0,0,0,0,100,219,0,0,0,0,31,319,FALSE,22:00:00,7/15/2024,300,FALSE
7/15/2024 23:00,US-CAL-TIDC,0,0,0,0,0,0,100,246,0,0,0,0,29,346,FALSE,23:00:00,7/15/2024,312,FALSE
7/16/2024 0:00,US-CAL-TIDC,0,0,0,0,0,0,100,256,0,0,0,0,28,356,FALSE,0:00:00,7/16/2024,322,FALSE
7/16/2024 1:00,US-CAL-TIDC,0,0,0,0,0,0,100,233,0,0,0,0,30,333,FALSE,1:00:00,7/16/2024,350,FALSE
7/16/2024 2:00,US-CAL-TIDC,0,0,0,0,0,0,100,270,0,0,0,0,27,370,FALSE,2:00:00,7/16/2024,352,FALSE
7/16/2024 3:00,US-CAL-TIDC,0,0,0,0,0,0,100,249,0,0,0,0,29,349,FALSE,3:00:00,7/16/2024,337,FALSE
7/16/2024 4:00,US-CAL-TIDC,0,0,0,0,0,0,100,244,0,0,0,0,29,344,FALSE,4:00:00,7/16/2024,340,FALSE
7/16/2024 5:00,US-CAL-TIDC,0,0,0,0,0,0,100,206,0,0,0,0,33,306,FALSE,5:00:00,7/16/2024,387,FALSE
7/16/2024 6:00,US-CAL-TIDC,0,0,0,0,0,0,100,198,0,0,0,0,34,298,FALSE,6:00:00,7/16/2024,333,FALSE
7/15/2024 2:00,US-CAR-CPLE,3591,0,0,2464,0,0,12,1981,0,1073,0,0,0,9121,FALSE,2:00:00,7/15/2024,422,FALSE
7/15/2024 3:00,US-CAR-CPLE,3590,0,0,2367,0,0,7,1952,0,1090,0,0,0,9006,FALSE,3:00:00,7/15/2024,408,FALSE
7/15/2024 19:00,US-CAR-CPLE,3579,0,0,2776,0,1589,12,2627,0,1307,0,0,13,11890,FALSE,19:00:00,7/15/2024,247,FALSE
7/15/2024 20:00,US-CAR-CPLE,3577,0,0,2780,0,1178,43,2922,0,1318,0,0,10,11818,FALSE,20:00:00,7/15/2024,249,FALSE
7/15/2024 21:00,US-CAR-CPLE,3579,0,0,2777,0,772,51,2963,0,1319,0,0,7,11461,FALSE,21:00:00,7/15/2024,253,FALSE
7/15/2024 22:00,US-CAR-CPLE,3588,0,0,2778,0,405,50,2941,0,1320,0,0,4,11082,FALSE,22:00:00,7/15/2024,300,FALSE
7/15/2024 23:00,US-CAR-CPLE,3586,0,0,2782,0,174,52,2577,0,1311,0,0,2,10482,FALSE,23:00:00,7/15/2024,312,FALSE
7/16/2024 0:00,US-CAR-CPLE,3588,0,0,2783,0,6,50,2383,0,1253,0,0,1,10063,FALSE,0:00:00,7/16/2024,322,FALSE
7/16/2024 1:00,US-CAR-CPLE,3579,0,0,2775,0,0,50,2275,0,1217,0,0,1,9896,FALSE,1:00:00,7/16/2024,350,FALSE
7/16/2024 2:00,US-CAR-CPLE,3595,0,0,2748,0,0,27,1742,0,1054,0,0,0,9166,FALSE,2:00:00,7/16/2024,352,FALSE
7/16/2024 3:00,US-CAR-CPLE,3585,0,0,2400,0,0,5,1589,0,904,0,0,0,8483,FALSE,3:00:00,7/16/2024,337,FALSE
7/15/2024 2:00,US-CAR-CPLW,0,0,0,0,0,0,6,318,0,165,0,0,1,489,FALSE,2:00:00,7/15/2024,422,FALSE
7/15/2024 3:00,US-CAR-CPLW,0,0,0,0,0,0,5,323,0,165,0,0,1,493,FALSE,3:00:00,7/15/2024,408,FALSE
7/15/2024 19:00,US-CAR-CPLW,0,0,0,0,0,1,5,463,0,163,0,0,1,632,FALSE,19:00:00,7/15/2024,247,FALSE
7/15/2024 20:00,US-CAR-CPLW,0,0,0,0,0,1,5,468,0,165,0,0,1,639,FALSE,20:00:00,7/15/2024,249,FALSE
7/15/2024 21:00,US-CAR-CPLW,0,0,0,0,0,0,10,470,0,165,0,0,2,645,FALSE,21:00:00,7/15/2024,253,FALSE
7/15/2024 22:00,US-CAR-CPLW,0,0,0,0,0,0,70,458,0,163,0,0,10,691,FALSE,22:00:00,7/15/2024,300,FALSE
7/15/2024 23:00,US-CAR-CPLW,0,0,0,0,0,0,17,454,0,165,0,0,3,636,FALSE,23:00:00,7/15/2024,312,FALSE
7/16/2024 0:00,US-CAR-CPLW,0,0,0,0,0,0,5,468,0,164,0,0,1,637,FALSE,0:00:00,7/16/2024,322,FALSE
7/16/2024 1:00,US-CAR-CPLW,0,0,0,0,0,0,4,390,0,163,0,0,1,557,FALSE,1:00:00,7/16/2024,350,FALSE
7/16/2024 2:00,US-CAR-CPLW,0,0,0,0,0,0,5,315,0,164,0,0,1,484,FALSE,2:00:00,7/16/2024,352,FALSE
7/16/2024 3:00,US-CAR-CPLW,0,0,0,0,0,0,5,318,0,164,0,0,1,487,FALSE,3:00:00,7/16/2024,337,FALSE
7/15/2024 2:00,US-CAR-SC,323,0,0,2583,0,0,2,232,0,62,0,0,0,3202,FALSE,2:00:00,7/15/2024,422,FALSE
7/15/2024 3:00,US-CAR-SC,323,0,0,2395,0,0,1,187,0,64,0,0,0,2970,FALSE,3:00:00,7/15/2024,408,FALSE
7/15/2024 19:00,US-CAR-SC,323,0,0,2915,0,181,98,415,0,53,0,0,7,3985,FALSE,19:00:00,7/15/2024,247,FALSE
7/15/2024 20:00,US-CAR-SC,324,0,0,2753,0,194,98,422,0,50,0,0,8,3841,FALSE,20:00:00,7/15/2024,249,FALSE
7/15/2024 21:00,US-CAR-SC,324,0,0,2660,0,132,98,432,0,49,0,0,6,3695,FALSE,21:00:00,7/15/2024,253,FALSE
7/15/2024 22:00,US-CAR-SC,323,0,0,2689,0,51,95,455,0,51,0,0,4,3664,FALSE,22:00:00,7/15/2024,300,FALSE
7/15/2024 23:00,US-CAR-SC,324,0,0,2637,0,32,83,449,0,43,0,0,3,3568,FALSE,23:00:00,7/15/2024,312,FALSE
7/16/2024 0:00,US-CAR-SC,324,0,0,2604,0,3,21,461,0,40,0,0,1,3453,FALSE,0:00:00,7/16/2024,322,FALSE
7/16/2024 1:00,US-CAR-SC,324,0,0,2576,0,0,0,425,0,43,0,0,0,3368,FALSE,1:00:00,7/16/2024,350,FALSE
7/16/2024 2:00,US-CAR-SC,324,0,0,2502,0,0,1,272,0,41,0,0,0,3140,FALSE,2:00:00,7/16/2024,352,FALSE
7/16/2024 3:00,US-CAR-SC,324,0,0,2393,0,0,2,95,0,41,0,0,0,2855,FALSE,3:00:00,7/16/2024,337,FALSE
7/15/2024 2:00,US-CAR-SCEG,646,0,0,636,0,0,503,1930,0,0,0,0,14,3715,FALSE,2:00:00,7/15/2024,422,FALSE
7/15/2024 3:00,US-CAR-SCEG,647,0,0,634,0,0,421,1754,0,0,0,0,12,3456,FALSE,3:00:00,7/15/2024,408,FALSE
7/15/2024 19:00,US-CAR-SCEG,647,0,0,1121,0,577,12,2333,0,0,0,0,13,4690,FALSE,19:00:00,7/15/2024,247,FALSE
7/15/2024 20:00,US-CAR-SCEG,647,0,0,1114,0,398,43,2416,0,0,0,0,10,4618,FALSE,20:00:00,7/15/2024,249,FALSE
7/15/2024 21:00,US-CAR-SCEG,648,0,0,1120,0,306,130,2397,0,0,0,0,9,4601,FALSE,21:00:00,7/15/2024,253,FALSE
7/15/2024 22:00,US-CAR-SCEG,647,0,0,1120,0,159,224,2295,0,0,0,0,9,4445,FALSE,22:00:00,7/15/2024,300,FALSE
7/15/2024 23:00,US-CAR-SCEG,648,0,0,1116,0,52,296,2085,0,0,0,0,8,4197,FALSE,23:00:00,7/15/2024,312,FALSE
7/16/2024 0:00,US-CAR-SCEG,647,0,0,1094,0,4,316,1877,0,0,0,0,8,3938,FALSE,0:00:00,7/16/2024,322,FALSE
7/16/2024 1:00,US-CAR-SCEG,648,0,0,927,0,1,369,1783,0,0,0,0,10,3728,FALSE,1:00:00,7/16/2024,350,FALSE
7/16/2024 2:00,US-CAR-SCEG,647,0,0,810,0,0,362,1648,0,0,0,0,10,3467,FALSE,2:00:00,7/16/2024,352,FALSE
7/16/2024 3:00,US-CAR-SCEG,649,0,0,666,0,0,313,1618,0,0,0,0,10,3246,FALSE,3:00:00,7/16/2024,337,FALSE
7/15/2024 19:00,US-CAR-YAD,0,0,0,0,0,0,191,0,0,0,0,0,100,191,FALSE,19:00:00,7/15/2024,247,FALSE
7/15/2024 20:00,US-CAR-YAD,0,0,0,0,0,0,189,0,0,0,0,0,100,189,FALSE,20:00:00,7/15/2024,249,FALSE
7/15/2024 21:00,US-CAR-YAD,0,0,0,0,0,0,190,0,0,0,0,0,100,190,FALSE,21:00:00,7/15/2024,253,FALSE
7/15/2024 22:00,US-CAR-YAD,0,0,0,0,0,0,189,0,0,0,0,0,100,189,FALSE,22:00:00,7/15/2024,300,FALSE
7/15/2024 23:00,US-CAR-YAD,0,0,0,0,0,0,190,0,0,0,0,0,100,190,FALSE,23:00:00,7/15/2024,312,FALSE
7/16/2024 0:00,US-CAR-YAD,0,0,0,0,0,0,189,0,0,0,0,0,100,189,FALSE,0:00:00,7/16/2024,322,FALSE
7/16/2024 1:00,US-CAR-YAD,0,0,0,0,0,0,0,0,0,0,0,0,,0,FALSE,1:00:00,7/16/2024,512,TRUE
7/16/2024 1:00,US-CAR-YAD,0,0,0,0,0,0,92,0,0,0,0,0,100,92,FALSE,1:00:00,7/16/2024,350,FALSE
7/17/2024 1:00,US-CAR-YAD,0,0,0,0,0,0,0,0,0,0,0,0,,0,FALSE,1:00:00,7/17/2024,382,TRUE
7/15/2024 2:00,US-CENT-SPA,0,0,0,0,0,0,154,0,0,0,0,0,100,154,FALSE,2:00:00,7/15/2024,422,FALSE
7/15/2024 3:00,US-CENT-SPA,0,0,0,0,0,0,131,0,0,0,0,0,100,131,FALSE,3:00:00,7/15/2024,408,FALSE
7/15/2024 4:00,US-CENT-SPA,0,0,0,0,0,0,131,0,0,0,0,0,100,131,FALSE,4:00:00,7/15/2024,420,FALSE
7/15/2024 19:00,US-CENT-SPA,0,0,0,0,0,0,1348,0,0,0,0,0,100,1348,FALSE,19:00:00,7/15/2024,247,FALSE
7/15/2024 20:00,US-CENT-SPA,0,0,0,0,0,0,1401,0,0,0,0,0,100,1401,FALSE,20:00:00,7/15/2024,249,FALSE
7/15/2024 21:00,US-CENT-SPA,0,0,0,0,0,0,1449,0,0,0,0,0,100,1449,FALSE,21:00:00,7/15/2024,253,FALSE
7/15/2024 22:00,US-CENT-SPA,0,0,0,0,0,0,1470,0,0,0,0,0,100,1470,FALSE,22:00:00,7/15/2024,300,FALSE
7/15/2024 23:00,US-CENT-SPA,0,0,0,0,0,0,1318,0,0,0,0,0,100,1318,FALSE,23:00:00,7/15/2024,312,FALSE
7/16/2024 0:00,US-CENT-SPA,0,0,0,0,0,0,1010,0,0,0,0,0,100,1010,FALSE,0:00:00,7/16/2024,322,FALSE
7/16/2024 1:00,US-CENT-SPA,0,0,0,0,0,0,484,0,0,0,0,0,100,484,FALSE,1:00:00,7/16/2024,350,FALSE
7/16/2024 2:00,US-CENT-SPA,0,0,0,0,0,0,324,0,0,0,0,0,100,324,FALSE,2:00:00,7/16/2024,352,FALSE
7/16/2024 3:00,US-CENT-SPA,0,0,0,0,0,0,190,0,0,0,0,0,100,190,FALSE,3:00:00,7/16/2024,337,FALSE
7/16/2024 4:00,US-CENT-SPA,0,0,0,0,0,0,79,0,0,0,0,0,100,79,FALSE,4:00:00,7/16/2024,340,FALSE
7/15/2024 2:00,US-CENT-SWPP,1911,0,11,12950,15331,2,984,14470,3,18,0,0,36,45679,FALSE,2:00:00,7/15/2024,422,FALSE
7/15/2024 3:00,US-CENT-SWPP,1906,0,11,11553,16666,0,519,12488,3,23,0,0,40,43169,FALSE,3:00:00,7/15/2024,408,FALSE
7/15/2024 4:00,US-CENT-SWPP,1915,0,11,9414,17795,0,464,10868,1,23,0,0,45,40491,FALSE,4:00:00,7/15/2024,420,FALSE
7/15/2024 5:00,US-CENT-SWPP,1903,0,11,8167,18381,0,458,9786,0,23,0,0,49,38730,FALSE,5:00:00,7/15/2024,459,FALSE
7/15/2024 6:00,US-CENT-SWPP,1901,0,11,7689,18157,0,450,8727,0,23,0,0,50,36958,FALSE,6:00:00,7/15/2024,489,FALSE
7/15/2024 7:00,US-CENT-SWPP,1883,0,11,7125,18083,0,440,8034,0,23,0,0,52,35599,FALSE,7:00:00,7/15/2024,489,TRUE
7/15/2024 8:00,US-CENT-SWPP,1882,0,11,6841,17570,0,430,8005,0,23,0,0,52,34762,FALSE,8:00:00,7/15/2024,462,TRUE
7/15/2024 9:00,US-CENT-SWPP,1883,0,11,6786,17266,0,432,7999,0,24,0,0,51,34400,FALSE,9:00:00,7/15/2024,488,TRUE
7/15/2024 10:00,US-CENT-SWPP,1887,0,11,7042,17106,0,550,8276,0,22,0,0,51,34894,FALSE,10:00:00,7/15/2024,506,TRUE
7/15/2024 11:00,US-CENT-SWPP,1900,0,11,7126,17342,2,825,8437,0,24,0,0,51,35668,FALSE,11:00:00,7/15/2024,515,TRUE
7/15/2024 12:00,US-CENT-SWPP,1915,0,12,7283,17551,53,972,9533,0,24,0,0,50,37343,FALSE,12:00:00,7/15/2024,499,TRUE
7/15/2024 13:00,US-CENT-SWPP,1962,0,12,9587,14275,303,984,12754,2,25,0,0,39,39903,FALSE,13:00:00,7/15/2024,369,TRUE
7/15/2024 14:00,US-CENT-SWPP,2021,0,12,11936,11746,580,1072,14874,4,37,0,0,32,42281,FALSE,14:00:00,7/15/2024,303,TRUE
7/15/2024 15:00,US-CENT-SWPP,2016,0,12,13695,10766,700,1187,16587,4,17,0,0,28,44985,FALSE,15:00:00,7/15/2024,281,TRUE
7/15/2024 16:00,US-CENT-SWPP,1972,0,12,14639,10864,640,1173,18240,4,24,0,0,27,47565,FALSE,16:00:00,7/15/2024,283,TRUE
7/15/2024 17:00,US-CENT-SWPP,1940,0,12,15108,11534,535,1192,19547,11,24,0,0,27,49904,FALSE,17:00:00,7/15/2024,288,TRUE
7/15/2024 18:00,US-CENT-SWPP,1944,0,11,15635,11930,494,1301,20258,12,33,0,0,27,51618,FALSE,18:00:00,7/15/2024,306,TRUE
7/15/2024 19:00,US-CENT-SWPP,1966,0,11,16115,11528,527,1393,21221,38,28,0,0,25,52827,FALSE,19:00:00,7/15/2024,317,TRUE
7/15/2024 19:00,US-CENT-SWPP,1964,0,11,16119,11519,532,1394,21222,38,28,0,0,25,52827,FALSE,19:00:00,7/15/2024,247,FALSE
7/15/2024 20:00,US-CENT-SWPP,1986,0,11,16100,11349,562,1438,22674,199,20,0,0,25,54338,FALSE,20:00:00,7/15/2024,335,TRUE
7/15/2024 20:00,US-CENT-SWPP,1984,0,11,16106,11335,569,1439,22675,199,20,0,0,25,54338,FALSE,20:00:00,7/15/2024,249,FALSE
7/15/2024 21:00,US-CENT-SWPP,2049,0,11,15697,10914,504,1635,22921,203,17,0,0,24,53951,FALSE,21:00:00,7/15/2024,333,TRUE
7/15/2024 21:00,US-CENT-SWPP,2044,0,11,15674,10898,513,1676,22916,202,17,0,0,24,53951,FALSE,21:00:00,7/15/2024,253,FALSE
7/15/2024 22:00,US-CENT-SWPP,2033,0,11,15503,10787,536,1549,22874,200,25,0,0,24,53518,FALSE,22:00:00,7/15/2024,349,TRUE
7/15/2024 22:00,US-CENT-SWPP,2029,0,11,15491,10803,538,1554,22868,200,26,0,0,24,53518,FALSE,22:00:00,7/15/2024,300,FALSE
7/15/2024 23:00,US-CENT-SWPP,2004,0,11,15225,11256,458,1378,22378,136,29,0,0,25,52875,FALSE,23:00:00,7/15/2024,378,TRUE
7/15/2024 23:00,US-CENT-SWPP,2000,0,11,15207,11265,457,1401,22370,136,30,0,0,25,52875,FALSE,23:00:00,7/15/2024,312,FALSE
7/16/2024 0:00,US-CENT-SWPP,1980,0,11,14860,11982,359,1267,21519,40,17,0,0,26,52033,FALSE,0:00:00,7/16/2024,407,TRUE
7/16/2024 0:00,US-CENT-SWPP,1977,0,11,14744,12450,285,1262,20912,39,21,0,0,27,51702,FALSE,0:00:00,7/16/2024,407,TRUE
7/16/2024 0:00,US-CENT-SWPP,1974,0,11,14736,12466,284,1260,20910,39,21,0,0,27,51702,FALSE,0:00:00,7/16/2024,322,FALSE
7/16/2024 1:00,US-CENT-SWPP,1974,0,10,13895,14105,67,1150,18881,39,34,0,0,31,50156,FALSE,1:00:00,7/16/2024,512,TRUE
7/16/2024 1:00,US-CENT-SWPP,1971,0,10,13887,14123,67,1144,18879,39,34,0,0,31,50156,FALSE,1:00:00,7/16/2024,350,FALSE
7/16/2024 2:00,US-CENT-SWPP,1952,0,10,13192,15984,1,1039,15987,39,17,0,0,35,48221,FALSE,2:00:00,7/16/2024,598,TRUE
7/16/2024 2:00,US-CENT-SWPP,1952,0,10,13187,15992,1,1038,15985,39,17,0,0,35,48221,FALSE,2:00:00,7/16/2024,352,FALSE
7/16/2024 3:00,US-CENT-SWPP,1968,0,11,11984,17363,0,598,13697,39,26,0,0,39,45686,FALSE,3:00:00,7/16/2024,581,TRUE
7/16/2024 3:00,US-CENT-SWPP,1967,0,11,11978,17370,1,599,13696,39,26,0,0,39,45686,FALSE,3:00:00,7/16/2024,337,FALSE
7/16/2024 4:00,US-CENT-SWPP,1943,0,10,10603,17583,0,438,12312,39,36,0,0,42,42965,FALSE,4:00:00,7/16/2024,558,TRUE
7/16/2024 4:00,US-CENT-SWPP,1943,0,10,10599,17588,0,439,12310,39,36,0,0,42,42965,FALSE,4:00:00,7/16/2024,340,FALSE
7/16/2024 5:00,US-CENT-SWPP,1947,0,11,10079,17011,0,405,11228,36,17,0,0,43,40734,FALSE,5:00:00,7/16/2024,532,TRUE
7/16/2024 5:00,US-CENT-SWPP,1945,0,10,10078,17014,0,405,11228,36,17,0,0,43,40734,FALSE,5:00:00,7/16/2024,387,FALSE
7/16/2024 6:00,US-CENT-SWPP,1948,0,11,9716,16457,0,306,10500,35,26,0,0,43,38998,FALSE,6:00:00,7/16/2024,519,TRUE
7/16/2024 6:00,US-CENT-SWPP,1945,0,11,9714,16460,0,306,10501,35,26,0,0,43,38998,FALSE,6:00:00,7/16/2024,333,FALSE
7/16/2024 7:00,US-CENT-SWPP,1950,0,10,9264,16085,0,292,10126,35,27,0,0,43,37789,FALSE,7:00:00,7/16/2024,489,TRUE
7/16/2024 7:00,US-CENT-SWPP,1947,0,10,9262,16089,0,292,10126,35,27,0,0,43,37789,FALSE,7:00:00,7/16/2024,333,TRUE
7/16/2024 8:00,US-CENT-SWPP,1967,0,11,9294,15642,0,292,9699,35,29,0,0,43,36969,FALSE,8:00:00,7/16/2024,462,TRUE
7/16/2024 8:00,US-CENT-SWPP,1963,0,11,9292,15647,0,293,9700,35,29,0,0,43,36969,FALSE,8:00:00,7/16/2024,310,TRUE
7/16/2024 9:00,US-CENT-SWPP,1947,0,11,9927,13485,0,289,10794,35,25,0,0,38,36512,FALSE,9:00:00,7/16/2024,488,TRUE
7/16/2024 9:00,US-CENT-SWPP,1944,0,11,9925,13488,0,290,10794,35,25,0,0,38,36512,FALSE,9:00:00,7/16/2024,327,TRUE
7/16/2024 10:00,US-CENT-SWPP,1987,0,11,10073,11253,0,464,12348,101,35,0,0,32,36271,FALSE,10:00:00,7/16/2024,506,TRUE
7/16/2024 10:00,US-CENT-SWPP,1983,0,11,10071,11258,0,465,12348,101,35,0,0,32,36271,FALSE,10:00:00,7/16/2024,338,TRUE
7/16/2024 11:00,US-CENT-SWPP,1982,0,11,10230,9937,5,840,13562,112,19,0,0,29,36698,FALSE,11:00:00,7/16/2024,515,TRUE
7/16/2024 11:00,US-CENT-SWPP,1979,0,11,10229,9941,5,840,13562,112,19,0,0,29,36698,FALSE,11:00:00,7/16/2024,340,TRUE
7/16/2024 12:00,US-CENT-SWPP,1974,0,11,10606,8290,69,993,15711,119,22,0,0,25,37795,FALSE,12:00:00,7/16/2024,499,TRUE
7/16/2024 12:00,US-CENT-SWPP,1971,0,11,10602,8290,69,994,15707,119,22,0,0,25,37785,FALSE,12:00:00,7/16/2024,328,TRUE
7/16/2024 13:00,US-CENT-SWPP,1981,0,10,10813,7440,282,997,16993,213,21,0,0,23,38750,FALSE,13:00:00,7/16/2024,369,TRUE
7/16/2024 13:00,US-CENT-SWPP,1994,0,11,11087,7019,364,997,17509,212,21,0,0,21,39214,FALSE,13:00:00,7/16/2024,219,TRUE
7/16/2024 14:00,US-CENT-SWPP,1997,0,11,12020,5522,528,1069,18927,241,21,0,0,18,40335,FALSE,14:00:00,7/16/2024,169,TRUE
7/16/2024 15:00,US-CENT-SWPP,2010,0,11,13403,3967,605,1179,20162,449,30,0,0,14,41816,FALSE,15:00:00,7/16/2024,155,TRUE
7/16/2024 16:00,US-CENT-SWPP,2005,0,12,14541,3375,604,1306,21274,515,12,0,0,12,43643,FALSE,16:00:00,7/16/2024,157,TRUE
7/16/2024 17:00,US-CENT-SWPP,2005,0,11,15203,3240,536,1414,22013,552,21,0,0,12,44995,FALSE,17:00:00,7/16/2024,165,TRUE
7/16/2024 17:00,US-CENT-SWPP,2005,0,11,15203,3240,536,1415,22013,552,21,0,0,12,44995,FALSE,17:00:00,7/16/2024,165,TRUE
7/16/2024 18:00,US-CENT-SWPP,2043,0,12,15521,3188,485,1446,22890,582,22,0,0,11,46189,FALSE,18:00:00,7/16/2024,186,TRUE
7/16/2024 18:00,US-CENT-SWPP,2022,0,11,15490,3236,502,1417,22860,582,21,0,0,11,46141,FALSE,18:00:00,7/16/2024,186,TRUE
7/16/2024 19:00,US-CENT-SWPP,2022,0,11,15486,3718,551,1549,22768,576,27,0,0,12,46708,FALSE,19:00:00,7/16/2024,195,TRUE
7/16/2024 20:00,US-CENT-SWPP,2000,0,11,15643,4294,552,1569,22573,583,21,0,0,14,47247,FALSE,20:00:00,7/16/2024,207,TRUE
7/16/2024 21:00,US-CENT-SWPP,1998,0,11,15772,4413,516,1646,22641,593,37,0,0,14,47626,FALSE,21:00:00,7/16/2024,209,TRUE
7/16/2024 22:00,US-CENT-SWPP,1979,0,11,15866,4982,495,1535,22491,585,18,0,0,15,47961,FALSE,22:00:00,7/16/2024,235,TRUE
7/16/2024 23:00,US-CENT-SWPP,1969,0,11,15773,5795,439,1341,21908,551,28,0,0,16,47814,FALSE,23:00:00,7/16/2024,266,TRUE
7/17/2024 0:00,US-CENT-SWPP,1911,0,11,14797,7240,295,1325,20490,513,24,0,0,19,46606,FALSE,0:00:00,7/17/2024,293,TRUE
7/17/2024 1:00,US-CENT-SWPP,1917,0,11,13824,8608,114,1270,19143,488,34,0,0,22,45408,FALSE,1:00:00,7/17/2024,382,TRUE
7/17/2024 1:00,US-CENT-SWPP,1912,0,11,13479,8945,74,1268,18762,464,32,0,0,23,44947,FALSE,1:00:00,7/17/2024,382,TRUE
7/17/2024 2:00,US-CENT-SWPP,1914,0,11,12818,9996,5,1107,17781,420,15,0,0,25,44066,FALSE,2:00:00,7/17/2024,448,TRUE
7/15/2024 2:00,US-FLA-FMPP,133,0,0,361,0,0,0,1820,0,21,0,0,0,2335,FALSE,2:00:00,7/15/2024,422,FALSE
7/15/2024 3:00,US-FLA-FMPP,133,0,0,242,0,0,0,1738,0,22,0,0,0,2135,FALSE,3:00:00,7/15/2024,408,FALSE
7/15/2024 19:00,US-FLA-FMPP,132,0,0,956,0,75,0,2151,0,22,0,0,2,3336,FALSE,19:00:00,7/15/2024,247,FALSE
7/15/2024 20:00,US-FLA-FMPP,132,0,0,677,0,54,0,2212,26,22,0,0,2,3123,FALSE,20:00:00,7/15/2024,249,FALSE
7/15/2024 21:00,US-FLA-FMPP,133,0,0,468,0,6,0,2218,90,23,0,0,0,2938,FALSE,21:00:00,7/15/2024,253,FALSE
7/15/2024 22:00,US-FLA-FMPP,132,0,0,468,0,12,0,1988,36,24,0,0,0,2660,FALSE,22:00:00,7/15/2024,300,FALSE
7/15/2024 23:00,US-FLA-FMPP,133,0,0,516,0,5,0,1976,1,23,0,0,0,2654,FALSE,23:00:00,7/15/2024,312,FALSE
7/16/2024 0:00,US-FLA-FMPP,134,0,0,632,0,0,0,1828,0,24,0,0,0,2618,FALSE,0:00:00,7/16/2024,322,FALSE
7/16/2024 1:00,US-FLA-FMPP,129,0,0,642,0,0,0,1841,0,24,0,0,0,2636,FALSE,1:00:00,7/16/2024,350,FALSE
7/16/2024 2:00,US-FLA-FMPP,135,0,0,597,0,0,0,1743,0,23,0,0,0,2498,FALSE,2:00:00,7/16/2024,352,FALSE
7/16/2024 3:00,US-FLA-FMPP,132,0,0,397,0,0,0,1652,0,24,0,0,0,2205,FALSE,3:00:00,7/16/2024,337,FALSE
7/15/2024 2:00,US-FLA-FPC,0,0,0,421,0,0,23,5491,0,95,0,0,0,6030,FALSE,2:00:00,7/15/2024,422,FALSE
7/15/2024 3:00,US-FLA-FPC,0,0,0,360,0,0,24,4971,0,98,0,0,0,5453,FALSE,3:00:00,7/15/2024,408,FALSE
7/15/2024 19:00,US-FLA-FPC,0,0,0,1435,0,773,24,7160,118,90,0,0,8,9600,FALSE,19:00:00,7/15/2024,247,FALSE
7/15/2024 20:00,US-FLA-FPC,0,0,0,1433,0,585,23,7521,17,92,0,0,6,9671,FALSE,20:00:00,7/15/2024,249,FALSE
7/15/2024 21:00,US-FLA-FPC,0,0,0,1441,0,535,24,7469,0,98,0,0,6,9567,FALSE,21:00:00,7/15/2024,253,FALSE
7/15/2024 22:00,US-FLA-FPC,0,0,0,1344,0,459,24,7181,0,92,0,0,5,9100,FALSE,22:00:00,7/15/2024,300,FALSE
7/15/2024 23:00,US-FLA-FPC,0,0,0,1279,0,188,24,7059,0,95,0,0,2,8645,FALSE,23:00:00,7/15/2024,312,FALSE
7/16/2024 0:00,US-FLA-FPC,0,0,0,1353,0,16,24,6643,0,97,0,0,0,8133,FALSE,0:00:00,7/16/2024,322,FALSE
7/16/2024 1:00,US-FLA-FPC,0,0,0,1340,0,0,24,6044,0,92,0,0,0,7500,FALSE,1:00:00,7/16/2024,350,FALSE
7/16/2024 2:00,US-FLA-FPC,0,0,0,1003,0,0,24,5567,0,91,0,0,0,6685,FALSE,2:00:00,7/16/2024,352,FALSE
7/16/2024 3:00,US-FLA-FPC,0,0,0,490,0,0,25,5256,0,94,0,0,0,5865,FALSE,3:00:00,7/16/2024,337,FALSE
7/15/2024 2:00,US-FLA-FPL,3718,0,0,0,0,0,0,16488,0,274,0,0,0,20480,FALSE,2:00:00,7/15/2024,422,FALSE
7/15/2024 3:00,US-FLA-FPL,3716,0,0,0,0,0,0,14820,0,248,0,0,0,18784,FALSE,3:00:00,7/15/2024,408,FALSE
7/15/2024 19:00,US-FLA-FPL,3727,0,0,0,0,3887,0,18686,0,585,0,0,14,26885,FALSE,19:00:00,7/15/2024,247,FALSE
7/15/2024 20:00,US-FLA-FPL,3726,0,0,0,0,3362,0,19439,0,638,0,0,12,27165,FALSE,20:00:00,7/15/2024,249,FALSE
7/15/2024 21:00,US-FLA-FPL,3723,0,0,0,0,3009,0,19588,0,612,0,0,11,26931,FALSE,21:00:00,7/15/2024,253,FALSE
7/15/2024 22:00,US-FLA-FPL,3717,0,0,0,0,2027,0,19808,0,614,0,0,8,26167,FALSE,22:00:00,7/15/2024,300,FALSE
7/15/2024 23:00,US-FLA-FPL,3713,0,0,0,0,642,0,20070,0,714,0,0,3,25139,FALSE,23:00:00,7/15/2024,312,FALSE
7/16/2024 0:00,US-FLA-FPL,3711,0,0,0,0,51,0,19859,0,433,0,0,0,24054,FALSE,0:00:00,7/16/2024,322,FALSE
7/16/2024 1:00,US-FLA-FPL,3707,0,0,0,0,0,0,18914,0,290,0,0,0,22911,FALSE,1:00:00,7/16/2024,350,FALSE
7/16/2024 2:00,US-FLA-FPL,3705,0,0,0,0,0,0,17517,0,271,0,0,0,21493,FALSE,2:00:00,7/16/2024,352,FALSE
7/16/2024 3:00,US-FLA-FPL,3706,0,0,0,0,0,0,15463,0,205,0,0,0,19374,FALSE,3:00:00,7/16/2024,337,FALSE
7/15/2024 2:00,US-FLA-GVL,0,0,0,0,0,0,0,223,0,53,0,0,0,276,FALSE,2:00:00,7/15/2024,422,FALSE
7/15/2024 3:00,US-FLA-GVL,0,0,0,0,0,0,0,201,0,53,0,0,0,254,FALSE,3:00:00,7/15/2024,408,FALSE
7/15/2024 19:00,US-FLA-GVL,0,0,0,0,0,0,0,238,0,82,0,0,0,320,FALSE,19:00:00,7/15/2024,247,FALSE
7/15/2024 20:00,US-FLA-GVL,0,0,0,0,0,0,0,265,0,92,0,0,0,357,FALSE,20:00:00,7/15/2024,249,FALSE
7/15/2024 21:00,US-FLA-GVL,0,0,0,0,0,0,0,264,0,92,0,0,0,356,FALSE,21:00:00,7/15/2024,253,FALSE
7/15/2024 22:00,US-FLA-GVL,0,0,0,0,0,0,0,272,0,91,0,0,0,363,FALSE,22:00:00,7/15/2024,300,FALSE
7/15/2024 23:00,US-FLA-GVL,0,0,0,0,0,0,0,205,0,61,0,0,0,266,FALSE,23:00:00,7/15/2024,312,FALSE
7/16/2024 0:00,US-FLA-GVL,0,0,0,0,0,0,0,179,0,53,0,0,0,232,FALSE,0:00:00,7/16/2024,322,FALSE
7/16/2024 1:00,US-FLA-GVL,0,0,0,0,0,0,0,177,0,51,0,0,0,228,FALSE,1:00:00,7/16/2024,350,FALSE
7/16/2024 2:00,US-FLA-GVL,0,0,0,0,0,0,0,182,0,54,0,0,0,236,FALSE,2:00:00,7/16/2024,352,FALSE
7/16/2024 3:00,US-FLA-GVL,0,0,0,0,0,0,0,178,0,41,0,0,0,219,FALSE,3:00:00,7/16/2024,337,FALSE
7/15/2024 2:00,US-FLA-HST,18,0,0,0,0,0,0,79,0,1,0,0,0,98,FALSE,2:00:00,7/15/2024,422,FALSE
7/15/2024 3:00,US-FLA-HST,18,0,0,0,0,0,0,72,0,1,0,0,0,91,FALSE,3:00:00,7/15/2024,408,FALSE
7/15/2024 19:00,US-FLA-HST,15,0,0,0,0,16,0,78,0,2,0,0,14,111,FALSE,19:00:00,7/15/2024,247,FALSE
7/15/2024 20:00,US-FLA-HST,15,0,0,0,0,13,0,80,0,3,0,0,12,111,FALSE,20:00:00,7/15/2024,249,FALSE
7/15/2024 21:00,US-FLA-HST,15,0,0,0,0,12,0,82,0,3,0,0,11,112,FALSE,21:00:00,7/15/2024,253,FALSE
7/15/2024 22:00,US-FLA-HST,16,0,0,0,0,9,0,87,0,3,0,0,8,114,FALSE,22:00:00,7/15/2024,300,FALSE
7/15/2024 23:00,US-FLA-HST,16,0,0,0,0,3,0,91,0,3,0,0,3,113,FALSE,23:00:00,7/15/2024,312,FALSE
7/16/2024 0:00,US-FLA-HST,17,0,0,0,0,0,0,92,0,2,0,0,0,111,FALSE,0:00:00,7/16/2024,322,FALSE
7/16/2024 1:00,US-FLA-HST,17,0,0,0,0,0,0,88,0,1,0,0,0,107,FALSE,1:00:00,7/16/2024,350,FALSE
7/16/2024 2:00,US-FLA-HST,17,0,0,0,0,0,0,81,0,1,0,0,0,99,FALSE,2:00:00,7/16/2024,352,FALSE
7/16/2024 3:00,US-FLA-HST,17,0,0,0,0,0,0,72,0,1,0,0,0,90,FALSE,3:00:00,7/16/2024,337,FALSE
7/15/2024 2:00,US-FLA-JEA,0,0,0,689,0,0,0,808,0,3,0,0,0,1500,FALSE,2:00:00,7/15/2024,422,FALSE
7/15/2024 3:00,US-FLA-JEA,0,0,0,608,0,0,0,743,0,3,0,0,0,1354,FALSE,3:00:00,7/15/2024,408,FALSE
7/16/2024 2:00,US-FLA-JEA,0,0,0,666,0,0,0,756,0,3,0,0,0,1425,FALSE,2:00:00,7/16/2024,352,FALSE
7/15/2024 2:00,US-FLA-TAL,0,0,0,0,0,0,0,433,0,0,0,0,0,433,FALSE,2:00:00,7/15/2024,422,FALSE
7/15/2024 3:00,US-FLA-TAL,0,0,0,0,0,0,0,400,0,0,0,0,0,400,FALSE,3:00:00,7/15/2024,408,FALSE
7/15/2024 19:00,US-FLA-TAL,0,0,0,0,0,6,0,447,0,0,0,0,1,453,FALSE,19:00:00,7/15/2024,247,FALSE
7/15/2024 20:00,US-FLA-TAL,0,0,0,0,0,14,0,444,0,0,0,0,3,458,FALSE,20:00:00,7/15/2024,249,FALSE
7/15/2024 21:00,US-FLA-TAL,0,0,0,0,0,19,0,441,0,0,0,0,4,460,FALSE,21:00:00,7/15/2024,253,FALSE
7/15/2024 22:00,US-FLA-TAL,0,0,0,0,0,14,0,453,0,0,0,0,3,467,FALSE,22:00:00,7/15/2024,300,FALSE
7/15/2024 23:00,US-FLA-TAL,0,0,0,0,0,6,0,453,0,0,0,0,1,459,FALSE,23:00:00,7/15/2024,312,FALSE
7/16/2024 0:00,US-FLA-TAL,0,0,0,0,0,1,0,446,0,0,0,0,0,447,FALSE,0:00:00,7/16/2024,322,FALSE
7/16/2024 1:00,US-FLA-TAL,0,0,0,0,0,0,0,434,0,0,0,0,0,434,FALSE,1:00:00,7/16/2024,350,FALSE
7/16/2024 2:00,US-FLA-TAL,0,0,0,0,0,0,0,406,0,0,0,0,0,406,FALSE,2:00:00,7/16/2024,352,FALSE
7/16/2024 3:00,US-FLA-TAL,0,0,0,0,0,0,0,369,0,0,0,0,0,369,FALSE,3:00:00,7/16/2024,337,FALSE
7/15/2024 2:00,US-FLA-TEC,0,0,0,0,0,0,0,2359,0,22,0,0,0,2381,FALSE,2:00:00,7/15/2024,422,FALSE
7/15/2024 3:00,US-FLA-TEC,0,0,0,0,0,0,0,2306,0,20,0,0,0,2326,FALSE,3:00:00,7/15/2024,408,FALSE
7/15/2024 19:00,US-FLA-TEC,0,0,0,0,0,799,0,2941,0,15,0,0,21,3755,FALSE,19:00:00,7/15/2024,247,FALSE
7/15/2024 20:00,US-FLA-TEC,0,0,0,0,0,717,0,3020,0,16,0,0,19,3753,FALSE,20:00:00,7/15/2024,249,FALSE
7/15/2024 21:00,US-FLA-TEC,0,0,0,0,0,439,0,3291,0,18,0,0,12,3748,FALSE,21:00:00,7/15/2024,253,FALSE
7/15/2024 22:00,US-FLA-TEC,0,0,0,0,0,261,0,3401,0,18,0,0,7,3680,FALSE,22:00:00,7/15/2024,300,FALSE
7/15/2024 23:00,US-FLA-TEC,0,0,0,0,0,157,0,3314,0,20,0,0,5,3491,FALSE,23:00:00,7/15/2024,312,FALSE
7/16/2024 0:00,US-FLA-TEC,0,0,0,0,0,9,0,3302,0,21,0,0,0,3332,FALSE,0:00:00,7/16/2024,322,FALSE
7/16/2024 1:00,US-FLA-TEC,0,0,0,0,0,0,0,3214,0,21,0,0,0,3235,FALSE,1:00:00,7/16/2024,350,FALSE
7/16/2024 2:00,US-FLA-TEC,0,0,0,0,0,0,0,2937,0,22,0,0,0,2959,FALSE,2:00:00,7/16/2024,352,FALSE
7/16/2024 3:00,US-FLA-TEC,0,0,0,0,0,0,0,2728,0,23,0,0,0,2751,FALSE,3:00:00,7/16/2024,337,FALSE
7/15/2024 2:00,US-MIDW-AECI,33,0,0,2099,376,0,17,1602,0,0,0,0,10,4127,FALSE,2:00:00,7/15/2024,422,FALSE
7/15/2024 3:00,US-MIDW-AECI,35,0,0,2025,412,0,10,1386,0,0,0,0,11,3869,FALSE,3:00:00,7/15/2024,408,FALSE
7/15/2024 4:00,US-MIDW-AECI,35,0,0,1857,432,0,9,1340,0,0,0,0,12,3673,FALSE,4:00:00,7/15/2024,420,FALSE
7/15/2024 19:00,US-MIDW-AECI,15,0,0,1989,465,4,10,1708,0,0,0,0,11,4192,FALSE,19:00:00,7/15/2024,247,FALSE
7/15/2024 20:00,US-MIDW-AECI,15,0,0,2007,460,4,11,1720,2,0,0,0,11,4219,FALSE,20:00:00,7/15/2024,249,FALSE
7/15/2024 21:00,US-MIDW-AECI,17,0,0,2086,370,4,14,1731,2,0,0,0,9,4223,FALSE,21:00:00,7/15/2024,253,FALSE
7/15/2024 22:00,US-MIDW-AECI,20,0,0,2107,364,5,16,1773,2,0,0,0,9,4288,FALSE,22:00:00,7/15/2024,300,FALSE
7/15/2024 23:00,US-MIDW-AECI,24,0,0,2040,346,5,16,1810,2,0,0,0,9,4244,FALSE,23:00:00,7/15/2024,312,FALSE
7/16/2024 0:00,US-MIDW-AECI,25,0,0,2051,302,4,16,1826,1,0,0,0,8,4224,FALSE,0:00:00,7/16/2024,322,FALSE
7/16/2024 1:00,US-MIDW-AECI,31,0,0,2079,337,1,18,1851,1,1,0,0,8,4320,FALSE,1:00:00,7/16/2024,350,FALSE
7/16/2024 2:00,US-MIDW-AECI,38,0,0,2175,428,0,20,1681,1,0,0,0,10,4344,FALSE,2:00:00,7/16/2024,352,FALSE
7/16/2024 3:00,US-MIDW-AECI,45,0,0,2176,513,0,14,1488,1,1,0,0,12,4238,FALSE,3:00:00,7/16/2024,337,FALSE
7/16/2024 4:00,US-MIDW-AECI,46,0,0,2089,590,0,10,1417,1,1,0,0,14,4155,FALSE,4:00:00,7/16/2024,340,FALSE
7/15/2024 2:00,US-MIDW-LGEE,0,0,0,4041,0,0,0,998,0,0,0,0,0,5039,FALSE,2:00:00,7/15/2024,422,FALSE
7/15/2024 3:00,US-MIDW-LGEE,0,0,0,3707,0,0,0,909,0,0,0,0,0,4616,FALSE,3:00:00,7/15/2024,408,FALSE
7/15/2024 4:00,US-MIDW-LGEE,0,0,0,3387,0,0,0,823,0,0,0,0,0,4210,FALSE,4:00:00,7/15/2024,420,FALSE
7/15/2024 19:00,US-MIDW-LGEE,0,0,0,4293,0,17,12,2359,9,0,0,0,0,6690,FALSE,19:00:00,7/15/2024,247,FALSE
7/15/2024 20:00,US-MIDW-LGEE,0,0,0,4015,0,13,12,2452,9,0,0,0,0,6502,FALSE,20:00:00,7/15/2024,249,FALSE
7/15/2024 21:00,US-MIDW-LGEE,0,0,0,3990,0,10,12,2488,9,0,0,0,0,6508,FALSE,21:00:00,7/15/2024,253,FALSE
7/15/2024 22:00,US-MIDW-LGEE,0,0,0,3998,0,6,11,2470,9,0,0,0,0,6494,FALSE,22:00:00,7/15/2024,300,FALSE
7/15/2024 23:00,US-MIDW-LGEE,0,0,0,3854,0,2,12,2458,9,0,0,0,0,6335,FALSE,23:00:00,7/15/2024,312,FALSE
7/16/2024 0:00,US-MIDW-LGEE,0,0,0,3732,0,0,12,2383,0,0,0,0,0,6127,FALSE,0:00:00,7/16/2024,322,FALSE
7/16/2024 1:00,US-MIDW-LGEE,0,0,0,3676,0,0,11,2032,0,0,0,0,0,5719,FALSE,1:00:00,7/16/2024,350,FALSE
7/16/2024 2:00,US-MIDW-LGEE,0,0,0,3613,0,0,12,1793,0,0,0,0,0,5418,FALSE,2:00:00,7/16/2024,352,FALSE
7/16/2024 3:00,US-MIDW-LGEE,0,0,0,3622,0,0,11,1473,0,0,0,0,0,5105,FALSE,3:00:00,7/16/2024,337,FALSE
7/16/2024 4:00,US-MIDW-LGEE,0,0,0,3482,0,0,12,1221,0,0,0,0,0,4716,FALSE,4:00:00,7/16/2024,340,FALSE
7/15/2024 2:00,US-MIDW-MISO,13130,0,3,30664,6580,1,1761,46761,50,401,0,0,8,99350,FALSE,2:00:00,7/15/2024,422,FALSE
7/15/2024 3:00,US-MIDW-MISO,13112,0,2,29475,7234,1,1247,43472,37,365,0,0,9,94946,FALSE,3:00:00,7/15/2024,408,FALSE
7/15/2024 4:00,US-MIDW-MISO,13263,0,2,27726,7394,0,1198,40438,28,375,0,0,10,90423,FALSE,4:00:00,7/15/2024,420,FALSE
7/15/2024 19:00,US-MIDW-MISO,12696,0,3,33591,4784,5845,3991,54500,67,421,0,0,13,115898,FALSE,19:00:00,7/15/2024,247,FALSE
7/15/2024 20:00,US-MIDW-MISO,12855,0,3,34060,5804,5776,3902,54713,89,456,0,0,13,117659,FALSE,20:00:00,7/15/2024,249,FALSE
7/15/2024 21:00,US-MIDW-MISO,12626,0,2,33933,7385,5290,3667,54200,99,465,0,0,14,117668,FALSE,21:00:00,7/15/2024,253,FALSE
7/15/2024 22:00,US-MIDW-MISO,12615,0,3,34027,8916,4120,3653,53623,87,474,0,0,14,117518,FALSE,22:00:00,7/15/2024,300,FALSE
7/15/2024 23:00,US-MIDW-MISO,12666,0,4,34149,9053,2776,3626,53538,75,520,0,0,13,116407,FALSE,23:00:00,7/15/2024,312,FALSE
7/16/2024 0:00,US-MIDW-MISO,12847,0,4,34119,8655,849,2991,53204,76,502,0,0,11,113247,FALSE,0:00:00,7/16/2024,322,FALSE
7/16/2024 1:00,US-MIDW-MISO,12886,0,3,33498,8308,104,1909,51469,77,470,0,0,10,108724,FALSE,1:00:00,7/16/2024,350,FALSE
7/16/2024 2:00,US-MIDW-MISO,13001,0,2,32247,8208,83,1579,48548,73,422,0,0,9,104164,FALSE,2:00:00,7/16/2024,352,FALSE
7/16/2024 3:00,US-MIDW-MISO,13077,0,2,30329,7958,71,1490,45060,59,353,0,0,10,98399,FALSE,3:00:00,7/16/2024,337,FALSE
7/16/2024 4:00,US-MIDW-MISO,12987,0,1,28712,8269,4,1370,41989,48,346,0,0,10,93727,FALSE,4:00:00,7/16/2024,340,FALSE
7/15/2024 2:00,US-NE-ISNE,3430,0,621,240,463,18,2916,10627,11,231,0,9,22,18565,FALSE,2:00:00,7/15/2024,422,FALSE
7/15/2024 3:00,US-NE-ISNE,3475,0,627,245,486,18,2793,9361,7,75,0,3,23,17090,FALSE,3:00:00,7/15/2024,408,FALSE
7/15/2024 4:00,US-NE-ISNE,3392,0,641,236,428,18,2894,8934,21,242,0,21,24,16826,FALSE,4:00:00,7/15/2024,420,FALSE
7/15/2024 5:00,US-NE-ISNE,3459,0,633,238,359,18,2680,8571,2,198,0,10,23,16170,FALSE,5:00:00,7/15/2024,459,FALSE
7/15/2024 6:00,US-NE-ISNE,3461,0,623,236,288,12,2512,8332,0,79,0,2,22,15545,FALSE,6:00:00,7/15/2024,489,FALSE
7/15/2024 7:00,US-NE-ISNE,3512,0,606,243,225,3,1957,8567,0,92,0,3,19,15207,FALSE,7:00:00,7/15/2024,489,TRUE
7/15/2024 8:00,US-NE-ISNE,3535,0,604,248,233,3,1939,8633,1,79,0,1,18,15275,FALSE,8:00:00,7/15/2024,462,TRUE
7/15/2024 9:00,US-NE-ISNE,3581,0,607,254,259,8,1996,8595,1,50,0,7,19,15359,FALSE,9:00:00,7/15/2024,488,TRUE
7/15/2024 10:00,US-NE-ISNE,3541,0,616,251,261,72,2392,8728,1,42,0,5,21,15908,FALSE,10:00:00,7/15/2024,506,TRUE
7/15/2024 11:00,US-NE-ISNE,3459,0,621,241,237,163,2715,9026,0,51,0,10,23,16524,FALSE,11:00:00,7/15/2024,515,TRUE
7/15/2024 12:00,US-NE-ISNE,3364,0,603,233,198,253,2770,9334,0,49,0,13,23,16817,FALSE,12:00:00,7/15/2024,499,TRUE
7/15/2024 13:00,US-NE-ISNE,3307,0,578,228,199,391,2819,9484,1,190,0,18,24,17215,FALSE,13:00:00,7/15/2024,369,TRUE
7/15/2024 14:00,US-NE-ISNE,3279,0,570,227,187,550,2800,9972,22,137,0,17,23,17760,FALSE,14:00:00,7/15/2024,303,TRUE
7/15/2024 15:00,US-NE-ISNE,3310,0,594,229,226,582,2831,10919,11,143,0,24,23,18869,FALSE,15:00:00,7/15/2024,281,TRUE
7/15/2024 16:00,US-NE-ISNE,3373,0,603,233,238,643,2916,11765,19,160,0,36,22,19986,FALSE,16:00:00,7/15/2024,283,TRUE
7/15/2024 17:00,US-NE-ISNE,3465,0,616,238,286,651,3029,12277,38,225,0,29,22,20854,FALSE,17:00:00,7/15/2024,288,TRUE
7/15/2024 18:00,US-NE-ISNE,3490,0,628,239,317,620,3220,12818,110,234,0,34,23,21709,FALSE,18:00:00,7/15/2024,306,TRUE
7/15/2024 19:00,US-NE-ISNE,3494,0,633,241,321,580,3763,13054,140,196,0,42,24,22465,FALSE,19:00:00,7/15/2024,317,TRUE
7/15/2024 19:00,US-NE-ISNE,3494,0,633,241,321,580,3763,13054,140,196,0,42,24,22465,FALSE,19:00:00,7/15/2024,247,FALSE
7/15/2024 20:00,US-NE-ISNE,3497,0,635,242,258,494,4499,12897,372,246,0,53,26,23193,FALSE,20:00:00,7/15/2024,335,TRUE
7/15/2024 20:00,US-NE-ISNE,3497,0,635,241,263,496,4445,12895,348,246,0,59,26,23124,FALSE,20:00:00,7/15/2024,335,TRUE
7/15/2024 20:00,US-NE-ISNE,3497,0,635,241,263,496,4445,12895,348,246,0,59,26,23124,FALSE,20:00:00,7/15/2024,249,FALSE
7/15/2024 21:00,US-NE-ISNE,3512,0,631,240,200,315,4430,12764,468,246,0,72,25,22878,FALSE,21:00:00,7/15/2024,333,TRUE
7/15/2024 21:00,US-NE-ISNE,3514,0,635,240,215,353,4349,12483,484,240,0,100,25,22612,FALSE,21:00:00,7/15/2024,333,TRUE
7/15/2024 21:00,US-NE-ISNE,3514,0,635,240,215,353,4349,12483,484,240,0,100,25,22612,FALSE,21:00:00,7/15/2024,253,FALSE
7/15/2024 22:00,US-NE-ISNE,3502,0,619,244,137,189,4579,13126,492,252,0,59,24,23199,FALSE,22:00:00,7/15/2024,349,TRUE
7/15/2024 23:00,US-NE-ISNE,3506,0,615,255,126,78,4695,12984,499,272,0,37,24,23066,FALSE,23:00:00,7/15/2024,378,TRUE
7/16/2024 0:00,US-NE-ISNE,3509,0,628,249,168,22,4400,13065,557,288,0,56,23,22942,FALSE,0:00:00,7/16/2024,407,TRUE
7/16/2024 0:00,US-NE-ISNE,3503,0,629,246,174,24,4255,13076,574,285,0,38,23,22803,FALSE,0:00:00,7/16/2024,407,TRUE
7/16/2024 0:00,US-NE-ISNE,3503,0,629,246,174,24,4255,13076,574,285,0,38,23,22803,FALSE,0:00:00,7/16/2024,322,FALSE
7/16/2024 1:00,US-NE-ISNE,3506,0,628,249,275,16,3706,12712,351,312,0,16,22,21773,FALSE,1:00:00,7/16/2024,512,TRUE
7/16/2024 1:00,US-NE-ISNE,3506,0,628,249,275,16,3706,12712,351,312,0,16,22,21773,FALSE,1:00:00,7/16/2024,350,FALSE
7/16/2024 2:00,US-NE-ISNE,3489,0,631,248,362,16,3353,11602,11,329,0,11,22,20051,FALSE,2:00:00,7/16/2024,598,TRUE
7/16/2024 2:00,US-NE-ISNE,3489,0,631,248,362,16,3353,11602,11,329,0,11,22,20051,FALSE,2:00:00,7/16/2024,352,FALSE
7/16/2024 3:00,US-NE-ISNE,3475,0,628,243,402,16,3041,10639,8,356,0,18,22,18827,FALSE,3:00:00,7/16/2024,581,TRUE
7/16/2024 3:00,US-NE-ISNE,3475,0,628,243,402,16,3041,10639,8,356,0,18,22,18827,FALSE,3:00:00,7/16/2024,337,FALSE
7/16/2024 4:00,US-NE-ISNE,3526,0,641,252,378,16,3016,9691,88,341,0,19,23,17966,FALSE,4:00:00,7/16/2024,558,TRUE
7/16/2024 4:00,US-NE-ISNE,3526,0,641,252,378,16,3016,9691,88,341,0,19,23,17966,FALSE,4:00:00,7/16/2024,340,FALSE
7/16/2024 5:00,US-NE-ISNE,3395,0,652,232,340,16,2884,9085,478,323,0,17,23,17422,FALSE,5:00:00,7/16/2024,532,TRUE
7/16/2024 5:00,US-NE-ISNE,3395,0,652,232,340,16,2884,9085,478,323,0,17,23,17422,FALSE,5:00:00,7/16/2024,387,FALSE
7/16/2024 6:00,US-NE-ISNE,3387,0,646,230,306,16,2719,9086,227,327,0,14,22,16957,FALSE,6:00:00,7/16/2024,519,TRUE
7/16/2024 6:00,US-NE-ISNE,3387,0,646,230,306,16,2719,9086,227,327,0,14,22,16957,FALSE,6:00:00,7/16/2024,333,FALSE
7/16/2024 7:00,US-NE-ISNE,3444,0,657,236,258,16,2743,8978,33,332,0,5,23,16701,FALSE,7:00:00,7/16/2024,489,TRUE
7/16/2024 7:00,US-NE-ISNE,3444,0,657,236,258,16,2743,8978,33,332,0,5,23,16701,FALSE,7:00:00,7/16/2024,333,TRUE
7/16/2024 8:00,US-NE-ISNE,3495,0,641,243,255,16,2810,8780,47,316,0,3,23,16604,FALSE,8:00:00,7/16/2024,462,TRUE
7/16/2024 8:00,US-NE-ISNE,3495,0,641,243,255,16,2810,8780,47,316,0,3,23,16604,FALSE,8:00:00,7/16/2024,310,TRUE
7/16/2024 9:00,US-NE-ISNE,3515,0,638,247,288,18,2871,8935,74,315,0,11,23,16911,FALSE,9:00:00,7/16/2024,488,TRUE
7/16/2024 9:00,US-NE-ISNE,3515,0,638,247,288,18,2871,8935,74,315,0,11,23,16911,FALSE,9:00:00,7/16/2024,327,TRUE
7/16/2024 10:00,US-NE-ISNE,3536,0,643,257,340,45,3013,9241,86,322,0,15,24,17499,FALSE,10:00:00,7/16/2024,506,TRUE
7/16/2024 10:00,US-NE-ISNE,3536,0,643,257,340,45,3013,9241,86,322,0,15,24,17499,FALSE,10:00:00,7/16/2024,338,TRUE
7/16/2024 11:00,US-NE-ISNE,3522,0,655,251,320,159,2973,9635,208,302,0,34,23,18058,FALSE,11:00:00,7/16/2024,515,TRUE
7/16/2024 11:00,US-NE-ISNE,3522,0,655,251,320,159,2973,9635,208,302,0,34,23,18058,FALSE,11:00:00,7/16/2024,340,TRUE
7/16/2024 12:00,US-NE-ISNE,3526,0,644,247,325,309,3122,9384,168,280,0,23,25,18028,FALSE,12:00:00,7/16/2024,499,TRUE
7/16/2024 12:00,US-NE-ISNE,3523,0,643,248,324,309,3124,9388,168,281,0,23,25,18028,FALSE,12:00:00,7/16/2024,328,TRUE
7/16/2024 13:00,US-NE-ISNE,3446,0,633,238,270,428,2977,9256,181,307,0,32,25,17769,FALSE,13:00:00,7/16/2024,369,TRUE
7/16/2024 13:00,US-NE-ISNE,3396,0,628,235,263,434,2874,9319,203,301,0,31,24,17684,FALSE,13:00:00,7/16/2024,219,TRUE
7/16/2024 14:00,US-NE-ISNE,3319,0,628,229,190,565,2948,9475,390,255,0,40,25,18038,FALSE,14:00:00,7/16/2024,169,TRUE
7/16/2024 15:00,US-NE-ISNE,3373,0,625,232,163,639,3035,9864,396,292,0,29,25,18648,FALSE,15:00:00,7/16/2024,155,TRUE
7/16/2024 15:00,US-NE-ISNE,3374,0,625,232,163,639,3036,9863,396,292,0,29,25,18648,FALSE,15:00:00,7/16/2024,155,TRUE
7/16/2024 16:00,US-NE-ISNE,3448,0,624,237,179,667,3101,10468,380,270,0,28,24,19402,FALSE,16:00:00,7/16/2024,157,TRUE
7/16/2024 16:00,US-NE-ISNE,3450,0,624,237,176,667,3104,10466,380,270,0,28,24,19402,FALSE,16:00:00,7/16/2024,157,TRUE
7/16/2024 17:00,US-NE-ISNE,3485,0,622,241,213,703,3131,11128,440,296,0,33,24,20292,FALSE,17:00:00,7/16/2024,165,TRUE
7/16/2024 17:00,US-NE-ISNE,3483,0,622,241,212,703,3131,11130,440,297,0,33,24,20292,FALSE,17:00:00,7/16/2024,165,TRUE
7/16/2024 17:00,US-NE-ISNE,3484,0,622,241,210,703,3132,11131,440,295,0,33,24,20292,FALSE,17:00:00,7/16/2024,165,TRUE
7/16/2024 18:00,US-NE-ISNE,3480,0,621,241,220,689,3219,11459,593,320,0,27,23,20869,FALSE,18:00:00,7/16/2024,186,TRUE
7/16/2024 18:00,US-NE-ISNE,3485,0,622,241,215,685,3260,11620,649,323,0,30,23,21131,FALSE,18:00:00,7/16/2024,186,TRUE
7/16/2024 18:00,US-NE-ISNE,3486,0,622,241,208,685,3256,11633,649,320,0,30,23,21131,FALSE,18:00:00,7/16/2024,186,TRUE
7/16/2024 19:00,US-NE-ISNE,3485,0,620,240,197,631,3898,11876,742,334,0,36,25,22057,FALSE,19:00:00,7/16/2024,195,TRUE
7/16/2024 19:00,US-NE-ISNE,3483,0,620,239,196,631,3899,11880,742,331,0,36,25,22057,FALSE,19:00:00,7/16/2024,195,TRUE
7/16/2024 20:00,US-NE-ISNE,3464,0,631,235,181,541,4604,12351,834,352,0,35,26,23228,FALSE,20:00:00,7/16/2024,207,TRUE
7/16/2024 20:00,US-NE-ISNE,3465,0,627,234,202,572,4270,12225,754,350,0,32,26,22732,FALSE,20:00:00,7/16/2024,207,TRUE
7/16/2024 21:00,US-NE-ISNE,3481,0,633,245,181,377,4768,12408,1489,404,0,60,26,24048,FALSE,21:00:00,7/16/2024,209,TRUE
7/16/2024 22:00,US-NE-ISNE,3460,0,629,244,215,168,4826,12455,2054,379,0,49,25,24478,FALSE,22:00:00,7/16/2024,235,TRUE
7/16/2024 23:00,US-NE-ISNE,3489,0,624,247,289,34,4525,12605,1657,372,0,38,24,23878,FALSE,23:00:00,7/16/2024,266,TRUE
7/17/2024 0:00,US-NE-ISNE,3501,0,635,248,342,5,4095,13049,1036,352,0,30,22,23295,FALSE,0:00:00,7/17/2024,293,TRUE
7/17/2024 0:00,US-NE-ISNE,3503,0,636,248,348,5,4090,13048,1036,352,0,30,22,23295,FALSE,0:00:00,7/17/2024,293,TRUE
7/17/2024 1:00,US-NE-ISNE,3499,0,656,246,424,0,3664,12905,607,348,0,26,22,22375,FALSE,1:00:00,7/17/2024,382,TRUE
7/17/2024 1:00,US-NE-ISNE,3508,0,650,246,429,0,3430,12725,530,344,0,31,21,21893,FALSE,1:00:00,7/17/2024,382,TRUE
7/17/2024 2:00,US-NE-ISNE,3518,0,615,252,460,0,3114,12274,377,356,0,20,21,20986,FALSE,2:00:00,7/17/2024,448,TRUE
7/15/2024 19:00,US-NW-BPAT,1014,0,0,0,2697,63,8118,869,0,171,0,0,84,12931,FALSE,19:00:00,7/15/2024,247,FALSE
7/15/2024 20:00,US-NW-BPAT,1013,0,0,0,2589,65,8250,868,0,172,0,0,84,12957,FALSE,20:00:00,7/15/2024,249,FALSE
7/15/2024 21:00,US-NW-BPAT,1020,0,0,0,2586,44,8607,874,0,171,0,0,84,13301,FALSE,21:00:00,7/15/2024,253,FALSE
7/15/2024 22:00,US-NW-BPAT,1085,0,0,0,2751,48,8777,929,0,179,0,0,84,13768,FALSE,22:00:00,7/15/2024,300,FALSE
7/15/2024 23:00,US-NW-BPAT,1123,0,0,0,2803,40,9397,962,0,479,0,0,85,14804,FALSE,23:00:00,7/15/2024,312,FALSE
7/16/2024 0:00,US-NW-BPAT,1123,0,0,0,2754,47,9435,961,0,961,0,0,85,15281,FALSE,0:00:00,7/16/2024,322,FALSE
7/16/2024 1:00,US-NW-BPAT,1123,0,0,0,2665,59,9963,964,0,934,0,0,85,15708,FALSE,1:00:00,7/16/2024,350,FALSE
7/16/2024 2:00,US-NW-BPAT,1122,0,0,0,2467,23,10082,980,0,1136,0,0,85,15810,FALSE,2:00:00,7/16/2024,352,FALSE
7/16/2024 3:00,US-NW-BPAT,1123,0,0,0,2206,2,9650,988,0,929,0,0,84,14899,FALSE,3:00:00,7/16/2024,337,FALSE
7/16/2024 4:00,US-NW-BPAT,1126,0,0,0,2207,0,8550,986,0,678,0,0,83,13547,FALSE,4:00:00,7/16/2024,340,FALSE
7/16/2024 5:00,US-NW-BPAT,1080,0,0,0,2024,0,8019,852,0,210,0,0,83,12184,FALSE,5:00:00,7/16/2024,387,FALSE
7/16/2024 6:00,US-NW-BPAT,1029,0,0,0,1728,0,6637,789,0,136,0,0,81,10318,FALSE,6:00:00,7/16/2024,333,FALSE
7/15/2024 2:00,US-NW-CHPD,0,0,0,0,4,0,1219,0,0,0,0,0,100,1223,FALSE,2:00:00,7/15/2024,422,FALSE
7/15/2024 3:00,US-NW-CHPD,0,0,0,0,4,0,1223,0,0,0,0,0,100,1227,FALSE,3:00:00,7/15/2024,408,FALSE
7/15/2024 4:00,US-NW-CHPD,0,0,0,0,0,0,1249,0,0,0,0,0,100,1249,FALSE,4:00:00,7/15/2024,420,FALSE
7/15/2024 5:00,US-NW-CHPD,0,0,0,0,1,0,1245,0,0,0,0,0,100,1246,FALSE,5:00:00,7/15/2024,459,FALSE
7/15/2024 6:00,US-NW-CHPD,0,0,0,0,3,0,1150,0,0,0,0,0,100,1153,FALSE,6:00:00,7/15/2024,489,FALSE
7/15/2024 19:00,US-NW-CHPD,0,0,0,0,3,0,1181,0,0,0,0,0,100,1184,FALSE,19:00:00,7/15/2024,247,FALSE
7/15/2024 20:00,US-NW-CHPD,0,0,0,0,3,0,1262,0,0,0,0,0,100,1265,FALSE,20:00:00,7/15/2024,249,FALSE
7/15/2024 21:00,US-NW-CHPD,0,0,0,0,3,0,1293,0,0,0,0,0,100,1296,FALSE,21:00:00,7/15/2024,253,FALSE
7/15/2024 22:00,US-NW-CHPD,0,0,0,0,1,0,1335,0,0,0,0,0,100,1336,FALSE,22:00:00,7/15/2024,300,FALSE
7/15/2024 23:00,US-NW-CHPD,0,0,0,0,1,0,1363,0,0,0,0,0,100,1364,FALSE,23:00:00,7/15/2024,312,FALSE
7/16/2024 0:00,US-NW-CHPD,0,0,0,0,0,0,1340,0,0,0,0,0,100,1340,FALSE,0:00:00,7/16/2024,322,FALSE
7/16/2024 1:00,US-NW-CHPD,0,0,0,0,0,0,1317,0,0,0,0,0,100,1317,FALSE,1:00:00,7/16/2024,350,FALSE
7/16/2024 2:00,US-NW-CHPD,0,0,0,0,1,0,1288,0,0,0,0,0,100,1289,FALSE,2:00:00,7/16/2024,352,FALSE
7/16/2024 3:00,US-NW-CHPD,0,0,0,0,1,0,1292,0,0,0,0,0,100,1293,FALSE,3:00:00,7/16/2024,337,FALSE
7/16/2024 4:00,US-NW-CHPD,0,0,0,0,0,0,1295,0,0,0,0,0,100,1295,FALSE,4:00:00,7/16/2024,340,FALSE
7/16/2024 5:00,US-NW-CHPD,0,0,0,0,3,0,1269,0,0,0,0,0,100,1272,FALSE,5:00:00,7/16/2024,387,FALSE
7/16/2024 6:00,US-NW-CHPD,0,0,0,0,3,0,1252,0,0,0,0,0,100,1255,FALSE,6:00:00,7/16/2024,333,FALSE
7/15/2024 2:00,US-NW-DOPD,0,0,0,0,0,0,600,0,0,0,0,0,100,600,FALSE,2:00:00,7/15/2024,422,FALSE
7/15/2024 3:00,US-NW-DOPD,0,0,0,0,0,0,703,0,0,0,0,0,100,703,FALSE,3:00:00,7/15/2024,408,FALSE
7/15/2024 4:00,US-NW-DOPD,0,0,0,0,0,0,689,0,0,0,0,0,100,689,FALSE,4:00:00,7/15/2024,420,FALSE
7/15/2024 5:00,US-NW-DOPD,0,0,0,0,0,0,688,0,0,0,0,0,100,688,FALSE,5:00:00,7/15/2024,459,FALSE
7/15/2024 6:00,US-NW-DOPD,0,0,0,0,0,0,584,0,0,0,0,0,100,584,FALSE,6:00:00,7/15/2024,489,FALSE
7/15/2024 19:00,US-NW-DOPD,0,0,0,0,0,0,635,0,0,0,0,0,100,635,FALSE,19:00:00,7/15/2024,247,FALSE
7/15/2024 20:00,US-NW-DOPD,0,0,0,0,0,0,721,0,0,0,0,0,100,721,FALSE,20:00:00,7/15/2024,249,FALSE
7/15/2024 21:00,US-NW-DOPD,0,0,0,0,0,0,720,0,0,0,0,0,100,720,FALSE,21:00:00,7/15/2024,253,FALSE
7/15/2024 22:00,US-NW-DOPD,0,0,0,0,0,0,714,0,0,0,0,0,100,714,FALSE,22:00:00,7/15/2024,300,FALSE
7/15/2024 23:00,US-NW-DOPD,0,0,0,0,0,0,714,0,0,0,0,0,100,714,FALSE,23:00:00,7/15/2024,312,FALSE
7/16/2024 0:00,US-NW-DOPD,0,0,0,0,0,0,713,0,0,0,0,0,100,713,FALSE,0:00:00,7/16/2024,322,FALSE
7/16/2024 1:00,US-NW-DOPD,0,0,0,0,0,0,670,0,0,0,0,0,100,670,FALSE,1:00:00,7/16/2024,350,FALSE
7/16/2024 2:00,US-NW-DOPD,0,0,0,0,0,0,683,0,0,0,0,0,100,683,FALSE,2:00:00,7/16/2024,352,FALSE
7/16/2024 3:00,US-NW-DOPD,0,0,0,0,0,0,712,0,0,0,0,0,100,712,FALSE,3:00:00,7/16/2024,337,FALSE
7/16/2024 4:00,US-NW-DOPD,0,0,0,0,0,0,696,0,0,0,0,0,100,696,FALSE,4:00:00,7/16/2024,340,FALSE
7/16/2024 5:00,US-NW-DOPD,0,0,0,0,0,0,688,0,0,0,0,0,100,688,FALSE,5:00:00,7/16/2024,387,FALSE
7/16/2024 6:00,US-NW-DOPD,0,0,0,0,0,0,533,0,0,0,0,0,100,533,FALSE,6:00:00,7/16/2024,333,FALSE
7/15/2024 2:00,US-NW-GCPD,0,0,0,0,0,0,1390,0,0,0,0,0,100,1390,FALSE,2:00:00,7/15/2024,422,FALSE
7/15/2024 3:00,US-NW-GCPD,0,0,0,0,0,0,1335,0,0,0,0,0,100,1335,FALSE,3:00:00,7/15/2024,408,FALSE
7/15/2024 4:00,US-NW-GCPD,0,0,0,0,0,0,1314,0,0,0,0,0,100,1314,FALSE,4:00:00,7/15/2024,420,FALSE
7/15/2024 5:00,US-NW-GCPD,0,0,0,0,0,0,1320,0,0,0,0,0,100,1320,FALSE,5:00:00,7/15/2024,459,FALSE
7/15/2024 6:00,US-NW-GCPD,0,0,0,0,0,0,1164,0,0,0,0,0,100,1164,FALSE,6:00:00,7/15/2024,489,FALSE
7/15/2024 19:00,US-NW-GCPD,0,0,0,0,0,0,870,0,0,0,0,0,100,870,FALSE,19:00:00,7/15/2024,247,FALSE
7/15/2024 20:00,US-NW-GCPD,0,0,0,0,0,0,1055,0,0,0,0,0,100,1055,FALSE,20:00:00,7/15/2024,249,FALSE
7/15/2024 21:00,US-NW-GCPD,0,0,0,0,0,0,1081,0,0,0,0,0,100,1081,FALSE,21:00:00,7/15/2024,253,FALSE
7/15/2024 22:00,US-NW-GCPD,0,0,0,0,0,0,1059,0,0,0,0,0,100,1059,FALSE,22:00:00,7/15/2024,300,FALSE
7/15/2024 23:00,US-NW-GCPD,0,0,0,0,0,0,1335,0,0,0,0,0,100,1335,FALSE,23:00:00,7/15/2024,312,FALSE
7/16/2024 0:00,US-NW-GCPD,0,0,0,0,0,0,1369,0,0,0,0,0,100,1369,FALSE,0:00:00,7/16/2024,322,FALSE
7/16/2024 1:00,US-NW-GCPD,0,0,0,0,0,0,1377,0,0,0,0,0,100,1377,FALSE,1:00:00,7/16/2024,350,FALSE
7/16/2024 2:00,US-NW-GCPD,0,0,0,0,0,0,1359,0,0,0,0,0,100,1359,FALSE,2:00:00,7/16/2024,352,FALSE
7/16/2024 3:00,US-NW-GCPD,0,0,0,0,0,0,1338,0,0,0,0,0,100,1338,FALSE,3:00:00,7/16/2024,337,FALSE
7/16/2024 4:00,US-NW-GCPD,0,0,0,0,0,0,1385,0,0,0,0,0,100,1385,FALSE,4:00:00,7/16/2024,340,FALSE
7/16/2024 5:00,US-NW-GCPD,0,0,0,0,0,0,1330,0,0,0,0,0,100,1330,FALSE,5:00:00,7/16/2024,387,FALSE
7/16/2024 6:00,US-NW-GCPD,0,0,0,0,0,0,1234,0,0,0,0,0,100,1234,FALSE,6:00:00,7/16/2024,333,FALSE
7/15/2024 2:00,US-NW-IPCO,0,0,0,0,283,27,1289,591,0,109,0,0,70,2299,FALSE,2:00:00,7/15/2024,422,FALSE
7/15/2024 3:00,US-NW-IPCO,0,0,0,0,363,0,1181,598,0,111,0,0,69,2253,FALSE,3:00:00,7/15/2024,408,FALSE
7/15/2024 4:00,US-NW-IPCO,0,0,0,0,392,0,1064,603,0,107,0,0,67,2166,FALSE,4:00:00,7/15/2024,420,FALSE
7/15/2024 5:00,US-NW-IPCO,0,0,0,0,448,0,953,605,0,77,0,0,67,2083,FALSE,5:00:00,7/15/2024,459,FALSE
7/15/2024 6:00,US-NW-IPCO,0,0,0,0,282,0,850,608,0,49,0,0,63,1789,FALSE,6:00:00,7/15/2024,489,FALSE
7/15/2024 19:00,US-NW-IPCO,0,0,0,0,151,390,1137,581,0,31,0,0,73,2290,FALSE,19:00:00,7/15/2024,247,FALSE
7/15/2024 20:00,US-NW-IPCO,0,0,0,0,155,325,1297,581,0,35,0,0,74,2393,FALSE,20:00:00,7/15/2024,249,FALSE
7/15/2024 21:00,US-NW-IPCO,0,0,0,0,177,307,1372,579,0,36,0,0,75,2471,FALSE,21:00:00,7/15/2024,253,FALSE
7/15/2024 22:00,US-NW-IPCO,0,0,0,0,226,255,1471,579,0,36,0,0,76,2567,FALSE,22:00:00,7/15/2024,300,FALSE
7/15/2024 23:00,US-NW-IPCO,0,0,0,0,258,227,1399,578,0,36,0,0,75,2498,FALSE,23:00:00,7/15/2024,312,FALSE
7/16/2024 0:00,US-NW-IPCO,0,0,0,0,354,190,1527,577,0,39,0,0,77,2687,FALSE,0:00:00,7/16/2024,322,FALSE
7/16/2024 1:00,US-NW-IPCO,0,0,0,0,353,180,1482,580,0,106,0,0,75,2701,FALSE,1:00:00,7/16/2024,350,FALSE
7/16/2024 2:00,US-NW-IPCO,0,0,0,0,245,60,1487,589,0,110,0,0,72,2491,FALSE,2:00:00,7/16/2024,352,FALSE
7/16/2024 4:00,US-NW-IPCO,0,0,0,0,128,0,1353,604,0,106,0,0,68,2191,FALSE,4:00:00,7/16/2024,340,FALSE
7/16/2024 5:00,US-NW-IPCO,0,0,0,0,118,0,1277,608,0,94,0,0,67,2097,FALSE,5:00:00,7/16/2024,387,FALSE
7/16/2024 6:00,US-NW-IPCO,0,0,0,0,104,0,1141,614,0,53,0,0,65,1912,FALSE,6:00:00,7/16/2024,333,FALSE
7/15/2024 4:00,US-NW-NEVP,0,0,0,391,6,0,8,7109,0,263,0,0,0,7777,FALSE,4:00:00,7/15/2024,420,FALSE
7/15/2024 5:00,US-NW-NEVP,0,0,0,391,1,0,8,6643,0,278,0,0,0,7321,FALSE,5:00:00,7/15/2024,459,FALSE
7/15/2024 6:00,US-NW-NEVP,0,0,0,391,0,0,8,6725,0,300,0,0,0,7424,FALSE,6:00:00,7/15/2024,489,FALSE
7/15/2024 19:00,US-NW-NEVP,0,0,0,479,11,2751,11,2861,0,357,0,0,43,6470,FALSE,19:00:00,7/15/2024,247,FALSE
7/15/2024 20:00,US-NW-NEVP,0,0,0,470,9,2316,11,3267,0,390,0,0,36,6463,FALSE,20:00:00,7/15/2024,249,FALSE
7/15/2024 21:00,US-NW-NEVP,0,0,0,417,12,2432,11,3426,0,335,0,0,37,6633,FALSE,21:00:00,7/15/2024,253,FALSE
7/15/2024 22:00,US-NW-NEVP,0,0,0,421,9,2049,11,3658,0,324,0,0,32,6472,FALSE,22:00:00,7/15/2024,300,FALSE
7/15/2024 23:00,US-NW-NEVP,0,0,0,450,18,1434,10,3944,0,438,0,0,23,6294,FALSE,23:00:00,7/15/2024,312,FALSE
7/16/2024 4:00,US-NW-NEVP,0,0,0,391,0,0,8,7344,0,260,0,0,0,8003,FALSE,4:00:00,7/16/2024,340,FALSE
7/16/2024 5:00,US-NW-NEVP,0,0,0,391,52,0,8,6988,0,288,0,0,1,7727,FALSE,5:00:00,7/16/2024,387,FALSE
7/16/2024 6:00,US-NW-NEVP,0,0,0,391,97,0,8,6701,0,281,0,0,1,7478,FALSE,6:00:00,7/16/2024,333,FALSE
7/15/2024 2:00,US-NW-NWMT,0,0,3,1439,697,4,500,231,42,0,0,0,41,2917,FALSE,2:00:00,7/15/2024,422,FALSE
7/15/2024 3:00,US-NW-NWMT,0,0,3,1452,556,0,499,248,43,0,0,0,38,2802,FALSE,3:00:00,7/15/2024,408,FALSE
7/15/2024 4:00,US-NW-NWMT,0,0,4,1467,459,0,503,256,48,0,0,0,35,2737,FALSE,4:00:00,7/15/2024,420,FALSE
7/15/2024 5:00,US-NW-NWMT,0,0,3,1459,291,0,504,199,51,0,0,0,32,2506,FALSE,5:00:00,7/15/2024,459,FALSE
7/15/2024 19:00,US-NW-NWMT,0,0,0,1361,259,155,461,92,47,0,0,0,37,2376,FALSE,19:00:00,7/15/2024,247,FALSE
7/15/2024 20:00,US-NW-NWMT,0,0,0,1370,284,165,465,98,42,0,0,0,38,2423,FALSE,20:00:00,7/15/2024,249,FALSE
7/15/2024 21:00,US-NW-NWMT,0,0,0,1364,272,166,465,85,41,0,0,0,38,2392,FALSE,21:00:00,7/15/2024,253,FALSE
7/15/2024 22:00,US-NW-NWMT,0,0,0,1315,255,167,460,86,41,0,0,0,38,2324,FALSE,22:00:00,7/15/2024,300,FALSE
7/15/2024 23:00,US-NW-NWMT,0,0,0,1365,221,156,459,84,39,0,0,0,36,2324,FALSE,23:00:00,7/15/2024,312,FALSE
7/16/2024 0:00,US-NW-NWMT,0,0,0,1337,227,100,451,81,39,0,0,0,35,2235,FALSE,0:00:00,7/16/2024,322,FALSE
7/16/2024 1:00,US-NW-NWMT,0,0,0,1293,226,67,434,84,38,0,0,0,34,2142,FALSE,1:00:00,7/16/2024,350,FALSE
7/16/2024 2:00,US-NW-NWMT,0,0,0,1288,315,13,439,86,40,0,0,0,35,2182,FALSE,2:00:00,7/16/2024,352,FALSE
7/16/2024 3:00,US-NW-NWMT,0,0,0,1341,509,0,458,92,45,0,0,0,40,2445,FALSE,3:00:00,7/16/2024,337,FALSE
7/16/2024 4:00,US-NW-NWMT,0,0,0,1366,561,0,468,92,52,0,0,0,41,2540,FALSE,4:00:00,7/16/2024,340,FALSE
7/16/2024 5:00,US-NW-NWMT,0,0,1,1368,498,0,470,126,53,0,0,0,39,2516,FALSE,5:00:00,7/16/2024,387,FALSE
7/15/2024 2:00,US-NW-PACE,0,0,0,3947,1021,92,214,1949,0,125,0,0,18,7348,FALSE,2:00:00,7/15/2024,422,FALSE
7/15/2024 3:00,US-NW-PACE,0,0,0,4402,492,0,216,1892,0,127,0,0,10,7129,FALSE,3:00:00,7/15/2024,408,FALSE
7/15/2024 4:00,US-NW-PACE,0,0,0,4301,490,0,214,1717,0,128,0,0,10,6850,FALSE,4:00:00,7/15/2024,420,FALSE
7/15/2024 5:00,US-NW-PACE,0,0,0,4137,672,0,213,1732,0,130,0,0,13,6884,FALSE,5:00:00,7/15/2024,459,FALSE
7/15/2024 19:00,US-NW-PACE,0,0,0,2809,814,1716,216,1417,0,122,0,0,39,7094,FALSE,19:00:00,7/15/2024,247,FALSE
7/15/2024 20:00,US-NW-PACE,0,0,0,3550,924,1615,213,1700,0,121,0,0,34,8123,FALSE,20:00:00,7/15/2024,249,FALSE
7/15/2024 21:00,US-NW-PACE,0,0,0,4105,1004,1564,217,1575,0,119,0,0,32,8584,FALSE,21:00:00,7/15/2024,253,FALSE
7/15/2024 22:00,US-NW-PACE,0,0,0,4715,701,1320,213,1577,0,121,0,0,26,8647,FALSE,22:00:00,7/15/2024,300,FALSE
7/15/2024 23:00,US-NW-PACE,0,0,0,4233,1250,1174,215,1633,0,123,0,0,31,8628,FALSE,23:00:00,7/15/2024,312,FALSE
7/16/2024 0:00,US-NW-PACE,0,0,0,3959,1251,750,215,1741,0,122,0,0,28,8038,FALSE,0:00:00,7/16/2024,322,FALSE
7/16/2024 1:00,US-NW-PACE,0,0,0,4599,675,436,214,1860,0,125,0,0,17,7909,FALSE,1:00:00,7/16/2024,350,FALSE
7/16/2024 2:00,US-NW-PACE,0,0,0,4656,254,72,215,1962,0,125,0,0,7,7284,FALSE,2:00:00,7/16/2024,352,FALSE
7/16/2024 3:00,US-NW-PACE,0,0,0,4501,329,0,215,1925,0,128,0,0,8,7098,FALSE,3:00:00,7/16/2024,337,FALSE
7/16/2024 4:00,US-NW-PACE,0,0,0,4334,277,0,215,1837,0,131,0,0,7,6794,FALSE,4:00:00,7/16/2024,340,FALSE
7/16/2024 5:00,US-NW-PACE,0,0,0,4264,450,0,214,1791,0,135,0,0,10,6854,FALSE,5:00:00,7/16/2024,387,FALSE
7/15/2024 2:00,US-NW-PACW,0,0,0,0,331,93,254,469,0,43,0,0,57,1190,FALSE,2:00:00,7/15/2024,422,FALSE
7/15/2024 3:00,US-NW-PACW,0,0,0,0,358,4,252,480,0,43,0,0,54,1137,FALSE,3:00:00,7/15/2024,408,FALSE
7/15/2024 4:00,US-NW-PACW,0,0,0,0,457,0,130,458,0,42,0,0,54,1087,FALSE,4:00:00,7/15/2024,420,FALSE
7/15/2024 5:00,US-NW-PACW,0,0,0,0,544,0,121,473,0,43,0,0,56,1181,FALSE,5:00:00,7/15/2024,459,FALSE
7/15/2024 6:00,US-NW-PACW,0,0,0,0,557,0,119,467,0,43,0,0,57,1186,FALSE,6:00:00,7/15/2024,489,FALSE
7/15/2024 19:00,US-NW-PACW,0,0,0,0,341,337,110,469,0,40,0,0,61,1297,FALSE,19:00:00,7/15/2024,247,FALSE
7/15/2024 20:00,US-NW-PACW,0,0,0,0,332,318,107,488,0,43,0,0,59,1288,FALSE,20:00:00,7/15/2024,249,FALSE
7/15/2024 21:00,US-NW-PACW,0,0,0,0,314,260,111,485,0,42,0,0,57,1212,FALSE,21:00:00,7/15/2024,253,FALSE
7/15/2024 22:00,US-NW-PACW,0,0,0,0,316,244,121,486,0,43,0,0,56,1210,FALSE,22:00:00,7/15/2024,300,FALSE
7/15/2024 23:00,US-NW-PACW,0,0,0,0,282,292,113,486,0,42,0,0,57,1215,FALSE,23:00:00,7/15/2024,312,FALSE
7/16/2024 0:00,US-NW-PACW,0,0,0,0,186,214,238,487,0,41,0,0,55,1166,FALSE,0:00:00,7/16/2024,322,FALSE
7/16/2024 1:00,US-NW-PACW,0,0,0,0,172,213,247,487,0,41,0,0,54,1160,FALSE,1:00:00,7/16/2024,350,FALSE
7/16/2024 2:00,US-NW-PACW,0,0,0,0,128,87,244,491,0,41,0,0,46,991,FALSE,2:00:00,7/16/2024,352,FALSE
7/16/2024 3:00,US-NW-PACW,0,0,0,0,73,6,250,491,0,43,0,0,38,863,FALSE,3:00:00,7/16/2024,337,FALSE
7/16/2024 4:00,US-NW-PACW,0,0,0,0,95,0,246,492,0,42,0,0,39,875,FALSE,4:00:00,7/16/2024,340,FALSE
7/16/2024 5:00,US-NW-PACW,0,0,0,0,188,0,215,489,0,42,0,0,43,934,FALSE,5:00:00,7/16/2024,387,FALSE
7/16/2024 6:00,US-NW-PACW,0,0,0,0,284,0,118,466,0,42,0,0,44,910,FALSE,6:00:00,7/16/2024,333,FALSE
7/15/2024 2:00,US-NW-PGE,0,0,0,0,0,0,199,882,0,9,0,0,18,1090,FALSE,2:00:00,7/15/2024,422,FALSE
7/15/2024 3:00,US-NW-PGE,0,0,0,0,0,0,107,900,0,9,0,0,11,1016,FALSE,3:00:00,7/15/2024,408,FALSE
7/15/2024 4:00,US-NW-PGE,0,0,0,0,0,0,219,867,0,9,0,0,20,1095,FALSE,4:00:00,7/15/2024,420,FALSE
7/15/2024 5:00,US-NW-PGE,0,0,0,0,0,0,215,914,0,10,0,0,19,1139,FALSE,5:00:00,7/15/2024,459,FALSE
7/15/2024 6:00,US-NW-PGE,0,0,0,0,0,0,208,898,0,9,0,0,19,1115,FALSE,6:00:00,7/15/2024,489,FALSE
7/15/2024 19:00,US-NW-PGE,0,0,0,0,0,0,139,645,0,9,0,0,18,793,FALSE,19:00:00,7/15/2024,247,FALSE
7/15/2024 20:00,US-NW-PGE,0,0,0,0,0,0,190,718,0,9,0,0,21,917,FALSE,20:00:00,7/15/2024,249,FALSE
7/15/2024 21:00,US-NW-PGE,0,0,0,0,0,0,181,719,0,9,0,0,20,909,FALSE,21:00:00,7/15/2024,253,FALSE
7/15/2024 22:00,US-NW-PGE,0,0,0,0,0,0,184,801,0,9,0,0,19,994,FALSE,22:00:00,7/15/2024,300,FALSE
7/15/2024 23:00,US-NW-PGE,0,0,0,0,0,0,185,888,0,9,0,0,17,1082,FALSE,23:00:00,7/15/2024,312,FALSE
7/16/2024 0:00,US-NW-PGE,0,0,0,0,0,0,234,902,0,9,0,0,20,1145,FALSE,0:00:00,7/16/2024,322,FALSE
7/16/2024 1:00,US-NW-PGE,0,0,0,0,0,0,211,894,0,9,0,0,19,1114,FALSE,1:00:00,7/16/2024,350,FALSE
7/16/2024 2:00,US-NW-PGE,0,0,0,0,0,0,222,910,0,9,0,0,19,1141,FALSE,2:00:00,7/16/2024,352,FALSE
7/16/2024 3:00,US-NW-PGE,0,0,0,0,0,0,223,917,0,9,0,0,19,1149,FALSE,3:00:00,7/16/2024,337,FALSE
7/16/2024 4:00,US-NW-PGE,0,0,0,0,0,0,217,922,0,9,0,0,19,1148,FALSE,4:00:00,7/16/2024,340,FALSE
7/16/2024 5:00,US-NW-PGE,0,0,0,0,0,0,204,926,0,9,0,0,18,1139,FALSE,5:00:00,7/16/2024,387,FALSE
7/16/2024 6:00,US-NW-PGE,0,0,0,0,0,0,202,926,0,10,0,0,18,1138,FALSE,6:00:00,7/16/2024,333,FALSE
7/15/2024 2:00,US-NW-PSCO,8,0,0,2285,1699,3,167,3223,0,95,0,0,25,7480,FALSE,2:00:00,7/15/2024,422,FALSE
7/15/2024 3:00,US-NW-PSCO,9,0,0,2046,2563,0,138,2701,0,0,0,0,36,7457,FALSE,3:00:00,7/15/2024,408,FALSE
7/15/2024 4:00,US-NW-PSCO,9,0,0,1973,3104,0,67,2243,0,1,0,0,43,7397,FALSE,4:00:00,7/15/2024,420,FALSE
7/15/2024 5:00,US-NW-PSCO,9,0,0,1913,3313,0,83,1816,0,26,0,0,47,7160,FALSE,5:00:00,7/15/2024,459,FALSE
7/15/2024 21:00,US-NW-PSCO,0,0,0,2222,1469,313,14,3223,2,179,0,0,24,7423,FALSE,21:00:00,7/15/2024,253,FALSE
7/15/2024 22:00,US-NW-PSCO,0,0,0,2190,1260,188,13,3204,1,0,0,0,21,6857,FALSE,22:00:00,7/15/2024,300,FALSE
7/15/2024 23:00,US-NW-PSCO,0,0,0,2074,1637,435,14,2714,1,157,0,0,30,7033,FALSE,23:00:00,7/15/2024,312,FALSE
7/16/2024 0:00,US-NW-PSCO,0,0,0,1950,2236,449,13,2671,0,207,0,0,36,7527,FALSE,0:00:00,7/16/2024,322,FALSE
7/16/2024 1:00,US-NW-PSCO,0,0,0,1951,2066,130,13,2921,0,182,0,0,30,7264,FALSE,1:00:00,7/16/2024,350,FALSE
7/16/2024 2:00,US-NW-PSCO,0,0,0,1958,2449,0,15,2782,0,0,0,0,34,7204,FALSE,2:00:00,7/16/2024,352,FALSE
7/16/2024 3:00,US-NW-PSCO,1,0,0,1833,1924,0,13,2704,0,116,0,0,29,6591,FALSE,3:00:00,7/16/2024,337,FALSE
7/16/2024 4:00,US-NW-PSCO,4,0,0,1798,1777,0,14,2590,0,8,0,0,29,6191,FALSE,4:00:00,7/16/2024,340,FALSE
7/16/2024 5:00,US-NW-PSCO,8,0,0,1825,943,0,16,2783,0,123,0,0,17,5698,FALSE,5:00:00,7/16/2024,387,FALSE
7/15/2024 3:00,US-NW-PSEI,0,0,0,0,278,0,39,599,0,25,0,0,34,941,FALSE,3:00:00,7/15/2024,408,FALSE
7/15/2024 4:00,US-NW-PSEI,0,0,0,0,292,0,42,527,0,25,0,0,38,886,FALSE,4:00:00,7/15/2024,420,FALSE
7/15/2024 5:00,US-NW-PSEI,0,0,0,0,308,0,39,523,0,25,0,0,39,895,FALSE,5:00:00,7/15/2024,459,FALSE
7/15/2024 6:00,US-NW-PSEI,0,0,0,0,291,0,39,520,0,26,0,0,38,876,FALSE,6:00:00,7/15/2024,489,FALSE
7/16/2024 3:00,US-NW-PSEI,0,0,0,0,259,0,39,577,0,26,0,0,33,901,FALSE,3:00:00,7/16/2024,337,FALSE
7/16/2024 4:00,US-NW-PSEI,0,0,0,0,205,0,40,571,0,28,0,0,29,844,FALSE,4:00:00,7/16/2024,340,FALSE
7/16/2024 5:00,US-NW-PSEI,0,0,0,0,210,0,40,581,0,26,0,0,29,857,FALSE,5:00:00,7/16/2024,387,FALSE
7/16/2024 6:00,US-NW-PSEI,0,0,0,0,210,0,39,536,0,28,0,0,31,813,FALSE,6:00:00,7/16/2024,333,FALSE
7/15/2024 2:00,US-NW-SCL,0,0,0,0,0,0,979,0,0,0,0,0,100,979,FALSE,2:00:00,7/15/2024,422,FALSE
7/15/2024 3:00,US-NW-SCL,0,0,0,0,0,0,869,0,0,0,0,0,100,869,FALSE,3:00:00,7/15/2024,408,FALSE
7/15/2024 4:00,US-NW-SCL,0,0,0,0,0,0,799,0,0,0,0,0,100,799,FALSE,4:00:00,7/15/2024,420,FALSE
7/15/2024 5:00,US-NW-SCL,0,0,0,0,0,0,584,0,0,0,0,0,100,584,FALSE,5:00:00,7/15/2024,459,FALSE
7/15/2024 6:00,US-NW-SCL,0,0,0,0,0,0,543,0,0,0,0,0,100,543,FALSE,6:00:00,7/15/2024,489,FALSE
7/15/2024 19:00,US-NW-SCL,0,0,0,0,0,0,573,0,0,0,0,0,100,573,FALSE,19:00:00,7/15/2024,247,FALSE
7/15/2024 20:00,US-NW-SCL,0,0,0,0,0,0,586,0,0,0,0,0,100,586,FALSE,20:00:00,7/15/2024,249,FALSE
7/15/2024 21:00,US-NW-SCL,0,0,0,0,0,0,547,0,0,0,0,0,100,547,FALSE,21:00:00,7/15/2024,253,FALSE
7/15/2024 22:00,US-NW-SCL,0,0,0,0,0,0,727,0,0,0,0,0,100,727,FALSE,22:00:00,7/15/2024,300,FALSE
7/15/2024 23:00,US-NW-SCL,0,0,0,0,0,0,725,0,0,0,0,0,100,725,FALSE,23:00:00,7/15/2024,312,FALSE
7/16/2024 0:00,US-NW-SCL,0,0,0,0,0,0,882,0,0,0,0,0,100,882,FALSE,0:00:00,7/16/2024,322,FALSE
7/16/2024 1:00,US-NW-SCL,0,0,0,0,0,0,960,0,0,0,0,0,100,960,FALSE,1:00:00,7/16/2024,350,FALSE
7/16/2024 2:00,US-NW-SCL,0,0,0,0,0,0,922,0,0,0,0,0,100,922,FALSE,2:00:00,7/16/2024,352,FALSE
7/16/2024 3:00,US-NW-SCL,0,0,0,0,0,0,892,0,0,0,0,0,100,892,FALSE,3:00:00,7/16/2024,337,FALSE
7/16/2024 4:00,US-NW-SCL,0,0,0,0,0,0,707,0,0,0,0,0,100,707,FALSE,4:00:00,7/16/2024,340,FALSE
7/16/2024 5:00,US-NW-SCL,0,0,0,0,0,0,465,0,0,0,0,0,100,465,FALSE,5:00:00,7/16/2024,387,FALSE
7/16/2024 6:00,US-NW-SCL,0,0,0,0,0,0,410,0,0,0,0,0,100,410,FALSE,6:00:00,7/16/2024,333,FALSE
7/15/2024 2:00,US-NW-TPWR,0,0,0,0,0,0,194,0,0,0,0,0,100,194,FALSE,2:00:00,7/15/2024,422,FALSE
7/15/2024 3:00,US-NW-TPWR,0,0,0,0,0,0,194,0,0,0,0,0,100,194,FALSE,3:00:00,7/15/2024,408,FALSE
7/15/2024 4:00,US-NW-TPWR,0,0,0,0,0,0,187,0,0,0,0,0,100,187,FALSE,4:00:00,7/15/2024,420,FALSE
7/15/2024 5:00,US-NW-TPWR,0,0,0,0,0,0,135,0,0,0,0,0,100,135,FALSE,5:00:00,7/15/2024,459,FALSE
7/15/2024 6:00,US-NW-TPWR,0,0,0,0,0,0,133,0,0,0,0,0,100,133,FALSE,6:00:00,7/15/2024,489,FALSE
7/15/2024 19:00,US-NW-TPWR,0,0,0,0,0,0,79,0,0,0,0,0,100,79,FALSE,19:00:00,7/15/2024,247,FALSE
7/15/2024 20:00,US-NW-TPWR,0,0,0,0,0,0,77,0,0,0,0,0,100,77,FALSE,20:00:00,7/15/2024,249,FALSE
7/15/2024 21:00,US-NW-TPWR,0,0,0,0,0,0,75,0,0,0,0,0,100,75,FALSE,21:00:00,7/15/2024,253,FALSE
7/15/2024 22:00,US-NW-TPWR,0,0,0,0,0,0,134,0,0,0,0,0,100,134,FALSE,22:00:00,7/15/2024,300,FALSE
7/15/2024 23:00,US-NW-TPWR,0,0,0,0,0,0,201,0,0,0,0,0,100,201,FALSE,23:00:00,7/15/2024,312,FALSE
7/16/2024 0:00,US-NW-TPWR,0,0,0,0,0,0,213,0,0,0,0,0,100,213,FALSE,0:00:00,7/16/2024,322,FALSE
7/16/2024 1:00,US-NW-TPWR,0,0,0,0,0,0,231,0,0,0,0,0,100,231,FALSE,1:00:00,7/16/2024,350,FALSE
7/16/2024 2:00,US-NW-TPWR,0,0,0,0,0,0,253,0,0,0,0,0,100,253,FALSE,2:00:00,7/16/2024,352,FALSE
7/16/2024 3:00,US-NW-TPWR,0,0,0,0,0,0,230,0,0,0,0,0,100,230,FALSE,3:00:00,7/16/2024,337,FALSE
7/16/2024 4:00,US-NW-TPWR,0,0,0,0,0,0,226,0,0,0,0,0,100,226,FALSE,4:00:00,7/16/2024,340,FALSE
7/16/2024 5:00,US-NW-TPWR,0,0,0,0,0,0,135,0,0,0,0,0,100,135,FALSE,5:00:00,7/16/2024,387,FALSE
7/16/2024 6:00,US-NW-TPWR,0,0,0,0,0,0,76,0,0,0,0,0,100,76,FALSE,6:00:00,7/16/2024,333,FALSE
7/15/2024 2:00,US-NW-WACM,0,0,0,3485,504,2,1412,623,0,0,0,0,32,6026,FALSE,2:00:00,7/15/2024,422,FALSE
7/15/2024 3:00,US-NW-WACM,0,0,0,3139,716,0,1312,450,0,0,0,0,36,5617,FALSE,3:00:00,7/15/2024,408,FALSE
7/15/2024 4:00,US-NW-WACM,0,0,0,2636,847,0,1147,276,0,0,0,0,41,4906,FALSE,4:00:00,7/15/2024,420,FALSE
7/15/2024 5:00,US-NW-WACM,0,0,0,2281,752,0,766,345,0,0,0,0,37,4144,FALSE,5:00:00,7/15/2024,459,FALSE
7/15/2024 6:00,US-NW-WACM,0,0,0,2129,941,0,666,261,0,0,0,0,40,3997,FALSE,6:00:00,7/15/2024,489,FALSE
7/15/2024 19:00,US-NW-WACM,0,0,0,3225,580,338,1025,644,0,0,0,0,33,5812,FALSE,19:00:00,7/15/2024,247,FALSE
7/15/2024 20:00,US-NW-WACM,0,0,0,3524,399,177,1028,738,0,0,0,0,27,5866,FALSE,20:00:00,7/15/2024,249,FALSE
7/15/2024 21:00,US-NW-WACM,0,0,0,3656,352,204,1122,763,0,0,0,0,28,6097,FALSE,21:00:00,7/15/2024,253,FALSE
7/15/2024 22:00,US-NW-WACM,0,0,0,3580,241,296,1270,763,0,0,0,0,29,6150,FALSE,22:00:00,7/15/2024,300,FALSE
7/15/2024 23:00,US-NW-WACM,0,0,0,3309,339,226,1384,604,0,0,0,0,33,5862,FALSE,23:00:00,7/15/2024,312,FALSE
7/16/2024 0:00,US-NW-WACM,0,0,0,2996,595,121,1379,497,0,0,0,0,37,5588,FALSE,0:00:00,7/16/2024,322,FALSE
7/16/2024 1:00,US-NW-WACM,0,0,0,2949,523,23,1414,563,0,0,0,0,36,5472,FALSE,1:00:00,7/16/2024,350,FALSE
7/16/2024 2:00,US-NW-WACM,0,0,0,2766,541,0,1403,425,0,0,0,0,38,5135,FALSE,2:00:00,7/16/2024,352,FALSE
7/16/2024 3:00,US-NW-WACM,0,0,0,2662,648,0,1348,426,0,0,0,0,39,5084,FALSE,3:00:00,7/16/2024,337,FALSE
7/16/2024 4:00,US-NW-WACM,0,0,0,2692,482,0,1235,309,0,0,0,0,36,4718,FALSE,4:00:00,7/16/2024,340,FALSE
7/16/2024 5:00,US-NW-WACM,0,0,0,2767,184,0,820,381,0,0,0,0,24,4152,FALSE,5:00:00,7/16/2024,387,FALSE
7/16/2024 6:00,US-NW-WACM,0,0,0,3012,92,0,705,430,0,0,0,0,19,4239,FALSE,6:00:00,7/16/2024,333,FALSE
7/15/2024 2:00,US-NW-WAUW,2,0,0,15,17,0,5,16,0,0,0,0,40,56,FALSE,2:00:00,7/15/2024,422,FALSE
7/15/2024 3:00,US-NW-WAUW,3,0,0,20,30,0,5,22,0,0,0,0,43,80,FALSE,3:00:00,7/15/2024,408,FALSE
7/15/2024 4:00,US-NW-WAUW,3,0,0,15,28,0,5,17,0,0,0,0,48,68,FALSE,4:00:00,7/15/2024,420,FALSE
7/15/2024 5:00,US-NW-WAUW,3,0,0,13,30,0,5,16,0,0,0,0,52,66,FALSE,5:00:00,7/15/2024,459,FALSE
7/15/2024 6:00,US-NW-WAUW,3,0,0,13,31,0,5,15,0,0,0,0,53,68,FALSE,6:00:00,7/15/2024,489,FALSE
7/15/2024 7:00,US-NW-WAUW,7,0,0,25,63,0,6,28,0,0,0,0,54,129,FALSE,7:00:00,7/15/2024,489,TRUE
7/15/2024 8:00,US-NW-WAUW,7,0,0,25,65,0,6,30,0,0,0,0,53,132,FALSE,8:00:00,7/15/2024,462,TRUE
7/15/2024 9:00,US-NW-WAUW,7,0,0,25,64,0,6,30,0,0,0,0,53,132,FALSE,9:00:00,7/15/2024,488,TRUE
7/15/2024 10:00,US-NW-WAUW,7,0,0,25,62,0,6,30,0,0,0,0,52,130,FALSE,10:00:00,7/15/2024,506,TRUE
7/15/2024 11:00,US-NW-WAUW,3,0,0,13,32,0,6,15,0,0,0,0,54,70,FALSE,11:00:00,7/15/2024,515,TRUE
7/15/2024 12:00,US-NW-WAUW,3,0,0,12,30,0,2,16,0,0,0,0,50,64,FALSE,12:00:00,7/15/2024,499,TRUE
7/15/2024 13:00,US-NW-WAUW,0,0,0,0,0,0,0,0,0,0,0,0,,64,FALSE,13:00:00,7/15/2024,369,TRUE
7/15/2024 14:00,US-NW-WAUW,3,0,0,17,17,1,3,21,0,0,0,0,33,61,FALSE,14:00:00,7/15/2024,303,TRUE
7/15/2024 15:00,US-NW-WAUW,0,0,0,0,0,0,0,0,0,0,0,0,,13,FALSE,15:00:00,7/15/2024,281,TRUE
7/15/2024 16:00,US-NW-WAUW,0,0,0,0,0,0,0,0,0,0,0,0,,16,FALSE,16:00:00,7/15/2024,283,TRUE
7/15/2024 17:00,US-NW-WAUW,0,0,0,0,0,0,0,0,0,0,0,0,,37,FALSE,17:00:00,7/15/2024,288,TRUE
7/15/2024 18:00,US-NW-WAUW,0,0,0,0,0,0,0,0,0,0,0,0,,92,FALSE,18:00:00,7/15/2024,306,TRUE
7/15/2024 19:00,US-NW-WAUW,0,0,0,0,0,0,0,0,0,0,0,0,,87,FALSE,19:00:00,7/15/2024,317,TRUE
7/15/2024 19:00,US-NW-WAUW,3,0,0,26,19,1,6,35,0,0,0,0,29,91,FALSE,19:00:00,7/15/2024,247,FALSE
7/15/2024 20:00,US-NW-WAUW,0,0,0,0,0,0,0,0,0,0,0,0,,49,FALSE,20:00:00,7/15/2024,335,TRUE
7/15/2024 20:00,US-NW-WAUW,2,0,0,14,10,1,7,20,0,0,0,0,30,53,FALSE,20:00:00,7/15/2024,249,FALSE
7/15/2024 21:00,US-NW-WAUW,0,0,0,0,0,0,0,0,0,0,0,0,,,FALSE,21:00:00,7/15/2024,333,TRUE
7/15/2024 21:00,US-NW-WAUW,0,0,0,0,0,0,0,0,0,0,0,0,100,,FALSE,21:00:00,7/15/2024,253,FALSE
7/15/2024 22:00,US-NW-WAUW,0,0,0,0,0,0,0,0,0,0,0,0,,,FALSE,22:00:00,7/15/2024,349,TRUE
7/15/2024 22:00,US-NW-WAUW,0,0,0,0,0,0,0,0,0,0,0,0,100,,FALSE,22:00:00,7/15/2024,300,FALSE
7/15/2024 23:00,US-NW-WAUW,0,0,0,0,0,0,0,0,0,0,0,0,,,FALSE,23:00:00,7/15/2024,378,TRUE
7/15/2024 23:00,US-NW-WAUW,0,0,0,0,0,0,0,0,0,0,0,0,53,,FALSE,23:00:00,7/15/2024,312,FALSE
7/16/2024 0:00,US-NW-WAUW,1,0,0,8,6,0,2,11,0,0,0,0,30,29,FALSE,0:00:00,7/16/2024,407,TRUE
7/16/2024 0:00,US-NW-WAUW,1,0,0,8,7,0,3,11,0,0,0,0,31,30,FALSE,0:00:00,7/16/2024,407,TRUE
7/16/2024 0:00,US-NW-WAUW,1,0,0,8,7,0,5,11,0,0,0,0,36,32,FALSE,0:00:00,7/16/2024,322,FALSE
7/16/2024 1:00,US-NW-WAUW,3,0,0,19,19,0,2,25,0,0,0,0,31,67,FALSE,1:00:00,7/16/2024,512,TRUE
7/16/2024 1:00,US-NW-WAUW,3,0,0,19,19,0,6,25,0,0,0,0,35,71,FALSE,1:00:00,7/16/2024,350,FALSE
7/16/2024 2:00,US-NW-WAUW,2,0,0,15,18,0,2,18,0,0,0,0,37,55,FALSE,2:00:00,7/16/2024,598,TRUE
7/16/2024 2:00,US-NW-WAUW,2,0,0,15,18,0,5,18,0,0,0,0,40,58,FALSE,2:00:00,7/16/2024,352,FALSE
7/16/2024 3:00,US-NW-WAUW,1,0,0,7,10,0,0,8,0,0,0,0,40,26,FALSE,3:00:00,7/16/2024,581,TRUE
7/16/2024 3:00,US-NW-WAUW,1,0,0,7,10,0,4,8,0,0,0,0,47,30,FALSE,3:00:00,7/16/2024,337,FALSE
7/16/2024 4:00,US-NW-WAUW,0,0,0,0,0,0,0,0,0,0,0,0,,98,FALSE,4:00:00,7/16/2024,558,TRUE
7/16/2024 4:00,US-NW-WAUW,4,0,0,24,40,0,5,28,0,0,0,0,44,102,FALSE,4:00:00,7/16/2024,340,FALSE
7/16/2024 5:00,US-NW-WAUW,3,0,0,17,28,0,1,18,0,0,0,0,43,67,FALSE,5:00:00,7/16/2024,532,TRUE
7/16/2024 5:00,US-NW-WAUW,3,0,0,16,28,0,5,18,0,0,0,0,46,71,FALSE,5:00:00,7/16/2024,387,FALSE
7/16/2024 6:00,US-NW-WAUW,3,0,0,16,28,0,5,18,0,0,0,0,46,70,FALSE,6:00:00,7/16/2024,519,TRUE
7/16/2024 6:00,US-NW-WAUW,3,0,0,16,28,0,5,18,0,0,0,0,46,70,FALSE,6:00:00,7/16/2024,333,FALSE
7/16/2024 7:00,US-NW-WAUW,7,0,0,32,55,0,5,34,0,0,0,0,45,133,FALSE,7:00:00,7/16/2024,489,TRUE
7/16/2024 7:00,US-NW-WAUW,7,0,0,32,55,0,5,34,0,0,0,0,45,133,FALSE,7:00:00,7/16/2024,333,TRUE
7/16/2024 8:00,US-NW-WAUW,7,0,0,32,55,0,5,34,0,0,0,0,45,133,FALSE,8:00:00,7/16/2024,462,TRUE
7/16/2024 8:00,US-NW-WAUW,7,0,0,32,55,0,5,34,0,0,0,0,45,133,FALSE,8:00:00,7/16/2024,310,TRUE
7/16/2024 9:00,US-NW-WAUW,4,0,0,22,30,0,5,24,0,0,0,0,41,86,FALSE,9:00:00,7/16/2024,488,TRUE
7/16/2024 9:00,US-NW-WAUW,4,0,0,22,30,0,5,24,0,0,0,0,41,86,FALSE,9:00:00,7/16/2024,327,TRUE
7/16/2024 10:00,US-NW-WAUW,1,0,0,5,6,0,4,6,0,0,0,0,44,23,FALSE,10:00:00,7/16/2024,506,TRUE
7/16/2024 10:00,US-NW-WAUW,1,0,0,5,6,0,4,6,0,0,0,0,44,23,FALSE,10:00:00,7/16/2024,338,TRUE
7/16/2024 11:00,US-NW-WAUW,1,0,0,5,5,0,5,7,0,0,0,0,44,22,FALSE,11:00:00,7/16/2024,515,TRUE
7/16/2024 11:00,US-NW-WAUW,1,0,0,5,5,0,5,7,0,0,0,0,43,22,FALSE,11:00:00,7/16/2024,340,TRUE
7/16/2024 12:00,US-NW-WAUW,1,0,0,8,6,0,1,12,0,0,0,0,26,28,FALSE,12:00:00,7/16/2024,499,TRUE
7/16/2024 12:00,US-NW-WAUW,1,0,0,7,6,0,2,11,0,0,0,0,27,27,FALSE,12:00:00,7/16/2024,328,TRUE
7/16/2024 13:00,US-NW-WAUW,0,0,0,0,0,0,0,0,0,0,0,0,,29,FALSE,13:00:00,7/16/2024,369,TRUE
7/16/2024 13:00,US-NW-WAUW,0,0,0,0,0,0,0,0,0,0,0,0,,5,FALSE,13:00:00,7/16/2024,219,TRUE
7/16/2024 15:00,US-NW-WAUW,0,0,0,0,0,0,0,0,0,0,0,0,,,FALSE,15:00:00,7/16/2024,155,TRUE
7/16/2024 16:00,US-NW-WAUW,0,0,0,0,0,0,0,0,0,0,0,0,,,FALSE,16:00:00,7/16/2024,157,TRUE
7/16/2024 18:00,US-NW-WAUW,0,0,0,0,0,0,0,0,0,0,0,0,,,FALSE,18:00:00,7/16/2024,186,TRUE
7/16/2024 19:00,US-NW-WAUW,0,0,0,0,0,0,0,0,0,0,0,0,,,FALSE,19:00:00,7/16/2024,195,TRUE
7/16/2024 20:00,US-NW-WAUW,0,0,0,0,0,0,0,0,0,0,0,0,,,FALSE,20:00:00,7/16/2024,207,TRUE
7/16/2024 21:00,US-NW-WAUW,0,0,0,0,0,0,0,0,0,0,0,0,,,FALSE,21:00:00,7/16/2024,209,TRUE
7/16/2024 22:00,US-NW-WAUW,0,0,0,0,0,0,0,0,0,0,0,0,,,FALSE,22:00:00,7/16/2024,235,TRUE
7/16/2024 23:00,US-NW-WAUW,0,0,0,0,0,0,0,0,0,0,0,0,,,FALSE,23:00:00,7/16/2024,266,TRUE
7/15/2024 2:00,US-NY-NYIS,3985,0,20,421,979,0,4073,13817,26,278,0,0,21,23599,FALSE,2:00:00,7/15/2024,422,FALSE
7/15/2024 3:00,US-NY-NYIS,4192,0,14,479,1041,0,3652,12906,23,259,0,0,21,22565,FALSE,3:00:00,7/15/2024,408,FALSE
7/15/2024 4:00,US-NY-NYIS,4126,0,25,394,990,0,3978,11200,14,248,0,0,24,20977,FALSE,4:00:00,7/15/2024,420,FALSE
7/15/2024 5:00,US-NY-NYIS,4010,0,25,383,917,0,3840,10405,14,246,0,0,24,19841,FALSE,5:00:00,7/15/2024,459,FALSE
7/15/2024 6:00,US-NY-NYIS,4048,0,16,353,983,0,3562,10071,14,238,0,0,24,19285,FALSE,6:00:00,7/15/2024,489,FALSE
7/15/2024 7:00,US-NY-NYIS,3991,0,13,360,884,0,3408,9958,14,229,0,0,23,18856,FALSE,7:00:00,7/15/2024,489,TRUE
7/15/2024 8:00,US-NY-NYIS,4088,0,13,439,783,0,3335,10301,18,232,0,0,22,19208,FALSE,8:00:00,7/15/2024,462,TRUE
7/15/2024 9:00,US-NY-NYIS,3954,0,17,416,705,0,3445,10717,17,231,0,0,21,19501,FALSE,9:00:00,7/15/2024,488,TRUE
7/15/2024 10:00,US-NY-NYIS,4081,0,17,416,592,3,3550,11714,16,255,0,0,20,20643,FALSE,10:00:00,7/15/2024,506,TRUE
7/15/2024 11:00,US-NY-NYIS,3858,0,31,319,521,26,4059,12331,12,292,0,0,22,21448,FALSE,11:00:00,7/15/2024,515,TRUE
7/15/2024 12:00,US-NY-NYIS,3862,0,33,271,457,58,4184,13689,10,346,0,0,21,22911,FALSE,12:00:00,7/15/2024,499,TRUE
7/15/2024 13:00,US-NY-NYIS,3783,0,35,206,382,61,4375,14568,9,447,0,0,20,23865,FALSE,13:00:00,7/15/2024,369,TRUE
7/15/2024 14:00,US-NY-NYIS,3852,0,44,240,363,72,4671,15128,15,556,0,0,21,24939,FALSE,14:00:00,7/15/2024,303,TRUE
7/15/2024 15:00,US-NY-NYIS,3703,0,36,219,463,72,4575,16058,22,556,0,0,20,25703,FALSE,15:00:00,7/15/2024,281,TRUE
7/15/2024 16:00,US-NY-NYIS,3488,0,32,196,463,59,4560,16801,21,632,0,0,19,26251,FALSE,16:00:00,7/15/2024,283,TRUE
7/15/2024 17:00,US-NY-NYIS,3569,0,35,203,456,58,5395,16802,22,704,0,0,22,27244,FALSE,17:00:00,7/15/2024,288,TRUE
7/15/2024 18:00,US-NY-NYIS,3469,0,34,212,562,55,5548,16984,23,731,0,0,22,27619,FALSE,18:00:00,7/15/2024,306,TRUE
7/15/2024 19:00,US-NY-NYIS,3716,0,35,246,698,63,5623,16776,28,658,0,0,23,27842,FALSE,19:00:00,7/15/2024,317,TRUE
7/15/2024 19:00,US-NY-NYIS,3716,0,35,246,698,63,5623,16776,28,658,0,0,23,27842,FALSE,19:00:00,7/15/2024,247,FALSE
7/15/2024 20:00,US-NY-NYIS,3652,0,35,177,772,44,5671,16740,21,780,0,0,23,27892,FALSE,20:00:00,7/15/2024,335,TRUE
7/15/2024 20:00,US-NY-NYIS,3652,0,35,177,778,44,5607,16688,21,766,0,0,23,27769,FALSE,20:00:00,7/15/2024,335,TRUE
7/15/2024 20:00,US-NY-NYIS,3652,0,35,177,778,44,5607,16688,21,766,0,0,23,27769,FALSE,20:00:00,7/15/2024,249,FALSE
7/15/2024 21:00,US-NY-NYIS,3683,0,35,147,824,29,5637,17360,18,805,0,0,23,28538,FALSE,21:00:00,7/15/2024,333,TRUE
7/15/2024 22:00,US-NY-NYIS,3745,0,36,203,741,27,5761,17768,22,657,0,0,23,28960,FALSE,22:00:00,7/15/2024,349,TRUE
7/15/2024 22:00,US-NY-NYIS,3744,0,36,203,755,27,5744,17664,22,631,0,0,23,28827,FALSE,22:00:00,7/15/2024,349,TRUE
7/15/2024 22:00,US-NY-NYIS,3744,0,36,203,755,27,5744,17664,22,631,0,0,23,28827,FALSE,22:00:00,7/15/2024,300,FALSE
7/15/2024 23:00,US-NY-NYIS,3960,0,35,415,888,46,5400,17598,46,479,0,0,22,28868,FALSE,23:00:00,7/15/2024,378,TRUE
7/15/2024 23:00,US-NY-NYIS,3779,0,34,420,879,40,5255,17454,43,479,0,0,22,28383,FALSE,23:00:00,7/15/2024,378,TRUE
7/15/2024 23:00,US-NY-NYIS,3779,0,34,420,879,40,5255,17454,43,479,0,0,22,28383,FALSE,23:00:00,7/15/2024,312,FALSE
7/16/2024 0:00,US-NY-NYIS,3781,0,37,270,1182,24,4854,17311,29,363,0,0,22,27848,FALSE,0:00:00,7/16/2024,407,TRUE
7/16/2024 0:00,US-NY-NYIS,3566,0,33,279,1064,14,4716,17213,26,299,0,0,21,27210,FALSE,0:00:00,7/16/2024,407,TRUE
7/16/2024 0:00,US-NY-NYIS,3566,0,33,279,1064,14,4716,17213,26,299,0,0,21,27210,FALSE,0:00:00,7/16/2024,322,FALSE
7/16/2024 1:00,US-NY-NYIS,3666,0,34,394,1043,0,4353,17081,34,263,0,0,20,26867,FALSE,1:00:00,7/16/2024,512,TRUE
7/16/2024 1:00,US-NY-NYIS,3666,0,34,394,1043,0,4353,17081,34,263,0,0,20,26867,FALSE,1:00:00,7/16/2024,350,FALSE
7/16/2024 2:00,US-NY-NYIS,3836,0,36,415,857,0,4504,15215,32,265,0,0,21,25161,FALSE,2:00:00,7/16/2024,598,TRUE
7/16/2024 2:00,US-NY-NYIS,3836,0,36,415,857,0,4504,15215,32,265,0,0,21,25161,FALSE,2:00:00,7/16/2024,352,FALSE
7/16/2024 3:00,US-NY-NYIS,3753,0,39,343,757,0,4720,13900,22,274,0,0,23,23807,FALSE,3:00:00,7/16/2024,581,TRUE
7/16/2024 3:00,US-NY-NYIS,3753,0,39,343,757,0,4720,13900,22,274,0,0,23,23807,FALSE,3:00:00,7/16/2024,337,FALSE
7/16/2024 4:00,US-NY-NYIS,4127,0,42,559,673,2,4329,12395,31,257,0,0,23,22414,FALSE,4:00:00,7/16/2024,558,TRUE
7/16/2024 4:00,US-NY-NYIS,4127,0,42,559,673,2,4329,12395,31,257,0,0,23,22414,FALSE,4:00:00,7/16/2024,340,FALSE
7/16/2024 5:00,US-NY-NYIS,4411,0,27,577,821,1,3917,11602,26,293,0,0,22,21676,FALSE,5:00:00,7/16/2024,532,TRUE
7/16/2024 5:00,US-NY-NYIS,4411,0,27,577,821,1,3917,11602,26,293,0,0,22,21676,FALSE,5:00:00,7/16/2024,387,FALSE
7/16/2024 6:00,US-NY-NYIS,4602,0,17,620,953,2,3606,11190,23,358,0,0,21,21370,FALSE,6:00:00,7/16/2024,519,TRUE
7/16/2024 6:00,US-NY-NYIS,4602,0,17,620,953,2,3606,11190,23,358,0,0,21,21370,FALSE,6:00:00,7/16/2024,333,FALSE
7/16/2024 7:00,US-NY-NYIS,4568,0,16,593,1109,2,3494,10697,23,392,0,0,22,20894,FALSE,7:00:00,7/16/2024,489,TRUE
7/16/2024 7:00,US-NY-NYIS,4568,0,16,593,1109,2,3494,10697,23,392,0,0,22,20894,FALSE,7:00:00,7/16/2024,333,TRUE
7/16/2024 8:00,US-NY-NYIS,4603,0,17,552,879,2,3543,10709,22,410,0,0,21,20737,FALSE,8:00:00,7/16/2024,462,TRUE
7/16/2024 8:00,US-NY-NYIS,4603,0,17,552,879,2,3543,10709,22,410,0,0,21,20737,FALSE,8:00:00,7/16/2024,310,TRUE
7/16/2024 9:00,US-NY-NYIS,4467,0,20,540,947,2,3582,10783,22,410,0,0,22,20772,FALSE,9:00:00,7/16/2024,488,TRUE
7/16/2024 9:00,US-NY-NYIS,4467,0,20,540,947,2,3582,10783,22,410,0,0,22,20772,FALSE,9:00:00,7/16/2024,327,TRUE
7/16/2024 10:00,US-NY-NYIS,4585,0,18,603,904,5,3555,11354,25,421,0,0,21,21470,FALSE,10:00:00,7/16/2024,506,TRUE
7/16/2024 10:00,US-NY-NYIS,4585,0,18,603,904,5,3555,11354,25,421,0,0,21,21470,FALSE,10:00:00,7/16/2024,338,TRUE
7/16/2024 11:00,US-NY-NYIS,4237,0,39,474,685,38,4264,12054,20,463,0,0,23,22273,FALSE,11:00:00,7/16/2024,515,TRUE
7/16/2024 11:00,US-NY-NYIS,4237,0,39,474,685,38,4264,12054,20,463,0,0,23,22273,FALSE,11:00:00,7/16/2024,340,TRUE
7/16/2024 12:00,US-NY-NYIS,4125,0,40,372,594,68,4726,12823,19,582,0,0,23,23349,FALSE,12:00:00,7/16/2024,499,TRUE
7/16/2024 12:00,US-NY-NYIS,4026,0,39,372,574,67,4680,12775,19,582,0,0,23,23135,FALSE,12:00:00,7/16/2024,328,TRUE
7/16/2024 13:00,US-NY-NYIS,4019,0,38,266,471,42,4902,13400,11,635,0,0,23,23783,FALSE,13:00:00,7/16/2024,369,TRUE
7/16/2024 13:00,US-NY-NYIS,4056,0,38,277,468,62,4863,13780,20,680,0,0,22,24244,FALSE,13:00:00,7/16/2024,219,TRUE
7/16/2024 14:00,US-NY-NYIS,4127,0,39,217,620,62,5057,14468,20,780,0,0,23,25391,FALSE,14:00:00,7/16/2024,169,TRUE
7/16/2024 15:00,US-NY-NYIS,4006,0,38,164,798,58,5001,15303,17,810,0,0,23,26195,FALSE,15:00:00,7/16/2024,155,TRUE
7/16/2024 15:00,US-NY-NYIS,4005,0,38,163,769,58,5011,14990,17,794,0,0,23,25846,FALSE,15:00:00,7/16/2024,155,TRUE
7/16/2024 16:00,US-NY-NYIS,4074,0,35,223,1043,75,4952,16191,22,805,0,0,22,27422,FALSE,16:00:00,7/16/2024,157,TRUE
7/16/2024 16:00,US-NY-NYIS,4075,0,35,223,919,75,4927,15791,22,786,0,0,22,26853,FALSE,16:00:00,7/16/2024,157,TRUE
7/16/2024 17:00,US-NY-NYIS,4137,0,38,255,1134,85,5374,16657,29,815,0,0,23,28525,FALSE,17:00:00,7/16/2024,165,TRUE
7/16/2024 17:00,US-NY-NYIS,4066,0,38,255,1127,83,5327,16615,29,815,0,0,23,28355,FALSE,17:00:00,7/16/2024,165,TRUE
7/16/2024 18:00,US-NY-NYIS,4106,0,36,275,1288,85,5418,16617,28,808,0,0,24,28660,FALSE,18:00:00,7/16/2024,186,TRUE
7/16/2024 18:00,US-NY-NYIS,3961,0,35,260,1223,81,5524,16376,33,857,0,0,24,28350,FALSE,18:00:00,7/16/2024,186,TRUE
7/16/2024 19:00,US-NY-NYIS,4040,0,37,243,1052,75,5643,16561,32,844,0,0,24,28526,FALSE,19:00:00,7/16/2024,195,TRUE
7/16/2024 20:00,US-NY-NYIS,3891,0,37,123,953,42,5864,16833,16,823,0,0,24,28582,FALSE,20:00:00,7/16/2024,207,TRUE
7/16/2024 20:00,US-NY-NYIS,3890,0,37,123,999,42,5854,16717,16,774,0,0,24,28451,FALSE,20:00:00,7/16/2024,207,TRUE
7/16/2024 21:00,US-NY-NYIS,3770,0,35,184,803,41,5619,17258,26,988,0,0,23,28723,FALSE,21:00:00,7/16/2024,209,TRUE
7/16/2024 22:00,US-NY-NYIS,3663,0,34,162,761,20,5361,16850,27,945,0,0,22,27821,FALSE,22:00:00,7/16/2024,235,TRUE
7/16/2024 23:00,US-NY-NYIS,3815,0,35,211,651,22,5187,17037,35,714,0,0,21,27706,FALSE,23:00:00,7/16/2024,266,TRUE
7/16/2024 23:00,US-NY-NYIS,3815,0,35,211,653,22,5182,17034,35,698,0,0,21,27685,FALSE,23:00:00,7/16/2024,266,TRUE
7/17/2024 0:00,US-NY-NYIS,3825,0,35,256,556,16,5159,16834,41,451,0,0,21,27173,FALSE,0:00:00,7/17/2024,293,TRUE
7/17/2024 0:00,US-NY-NYIS,3858,0,35,256,562,16,5178,16855,41,451,0,0,21,27254,FALSE,0:00:00,7/17/2024,293,TRUE
7/17/2024 1:00,US-NY-NYIS,3884,0,35,344,546,1,5140,17113,54,406,0,0,21,27523,FALSE,1:00:00,7/17/2024,382,TRUE
7/17/2024 1:00,US-NY-NYIS,3992,0,36,348,647,0,4931,16889,55,404,0,0,21,27302,FALSE,1:00:00,7/17/2024,382,TRUE
7/17/2024 2:00,US-NY-NYIS,4064,0,38,449,747,0,4571,16073,70,407,0,0,20,26419,FALSE,2:00:00,7/17/2024,448,TRUE
7/15/2024 2:00,US-SE-SEPA,0,0,0,0,0,0,54,0,0,0,0,0,100,54,FALSE,2:00:00,7/15/2024,422,FALSE
7/15/2024 5:00,US-SE-SEPA,0,0,0,0,0,0,0,0,0,0,0,0,,0,FALSE,5:00:00,7/15/2024,459,FALSE
7/15/2024 6:00,US-SE-SEPA,0,0,0,0,0,0,0,0,0,0,0,0,,0,FALSE,6:00:00,7/15/2024,489,FALSE
7/15/2024 7:00,US-SE-SEPA,0,0,0,0,0,0,0,0,0,0,0,0,,0,FALSE,7:00:00,7/15/2024,489,TRUE
7/15/2024 16:00,US-SE-SEPA,0,0,0,0,0,0,0,0,0,0,0,0,,0,FALSE,16:00:00,7/15/2024,283,TRUE
7/15/2024 19:00,US-SE-SEPA,0,0,0,0,0,0,944,0,0,0,0,0,100,944,FALSE,19:00:00,7/15/2024,247,FALSE
7/15/2024 20:00,US-SE-SEPA,0,0,0,0,0,0,1028,0,0,0,0,0,100,1028,FALSE,20:00:00,7/15/2024,249,FALSE
7/15/2024 21:00,US-SE-SEPA,0,0,0,0,0,0,1028,0,0,0,0,0,100,1028,FALSE,21:00:00,7/15/2024,253,FALSE
7/15/2024 22:00,US-SE-SEPA,0,0,0,0,0,0,1028,0,0,0,0,0,100,1028,FALSE,22:00:00,7/15/2024,300,FALSE
7/15/2024 23:00,US-SE-SEPA,0,0,0,0,0,0,871,0,0,0,0,0,100,871,FALSE,23:00:00,7/15/2024,312,FALSE
7/16/2024 0:00,US-SE-SEPA,0,0,0,0,0,0,293,0,0,0,0,0,100,293,FALSE,0:00:00,7/16/2024,322,FALSE
7/16/2024 1:00,US-SE-SEPA,0,0,0,0,0,0,0,0,0,0,0,0,,0,FALSE,1:00:00,7/16/2024,512,TRUE
7/16/2024 1:00,US-SE-SEPA,0,0,0,0,0,0,30,0,0,0,0,0,100,30,FALSE,1:00:00,7/16/2024,350,FALSE
7/16/2024 5:00,US-SE-SEPA,0,0,0,0,0,0,0,0,0,0,0,0,,0,FALSE,5:00:00,7/16/2024,532,TRUE
7/16/2024 6:00,US-SE-SEPA,0,0,0,0,0,0,0,0,0,0,0,0,,0,FALSE,6:00:00,7/16/2024,519,TRUE
7/16/2024 7:00,US-SE-SEPA,0,0,0,0,0,0,0,0,0,0,0,0,,0,FALSE,7:00:00,7/16/2024,489,TRUE
7/16/2024 16:00,US-SE-SEPA,0,0,0,0,0,0,0,0,0,0,0,0,,0,FALSE,16:00:00,7/16/2024,157,TRUE
7/15/2024 2:00,US-SE-SOCO,6843,0,0,8474,0,0,190,20946,0,54,0,0,1,36507,FALSE,2:00:00,7/15/2024,422,FALSE
7/15/2024 3:00,US-SE-SOCO,6839,0,0,7997,0,0,128,18886,0,53,0,0,0,33903,FALSE,3:00:00,7/15/2024,408,FALSE
7/15/2024 4:00,US-SE-SOCO,6861,0,0,7239,0,0,107,17522,0,54,0,0,0,31783,FALSE,4:00:00,7/15/2024,420,FALSE
7/15/2024 19:00,US-SE-SOCO,6839,0,0,9447,0,1406,565,24012,0,55,0,0,5,42324,FALSE,19:00:00,7/15/2024,247,FALSE
7/15/2024 20:00,US-SE-SOCO,6831,0,0,8748,0,1062,773,24109,0,56,0,0,4,41579,FALSE,20:00:00,7/15/2024,249,FALSE
7/15/2024 21:00,US-SE-SOCO,6841,0,0,7678,0,690,883,23912,0,55,0,0,4,40059,FALSE,21:00:00,7/15/2024,253,FALSE
7/15/2024 22:00,US-SE-SOCO,6828,0,0,7668,0,368,920,23441,0,54,0,0,3,39279,FALSE,22:00:00,7/15/2024,300,FALSE
7/15/2024 23:00,US-SE-SOCO,6841,0,0,7930,0,125,970,22987,0,55,0,0,3,38908,FALSE,23:00:00,7/15/2024,312,FALSE
7/16/2024 0:00,US-SE-SOCO,6859,0,0,8082,0,18,312,23064,0,54,0,0,1,38389,FALSE,0:00:00,7/16/2024,322,FALSE
7/16/2024 1:00,US-SE-SOCO,6873,0,0,8302,0,0,108,22503,0,55,0,0,0,37841,FALSE,1:00:00,7/16/2024,350,FALSE
7/16/2024 2:00,US-SE-SOCO,6877,0,0,7175,0,0,98,21351,0,54,0,0,0,35555,FALSE,2:00:00,7/16/2024,352,FALSE
7/16/2024 3:00,US-SE-SOCO,6892,0,0,6449,0,0,50,19305,0,56,0,0,0,32752,FALSE,3:00:00,7/16/2024,337,FALSE
7/16/2024 4:00,US-SE-SOCO,6907,0,0,6393,0,0,47,16575,0,55,0,0,0,29977,FALSE,4:00:00,7/16/2024,340,FALSE
7/15/2024 4:00,US-SW-AZPS,0,0,0,1392,407,97,0,1638,0,283,0,0,13,3817,FALSE,4:00:00,7/15/2024,420,FALSE
7/15/2024 5:00,US-SW-AZPS,0,0,0,1393,302,87,0,1690,0,51,0,0,11,3523,FALSE,5:00:00,7/15/2024,459,FALSE
7/15/2024 6:00,US-SW-AZPS,0,0,0,1392,235,0,0,1608,0,36,0,0,7,3271,FALSE,6:00:00,7/15/2024,489,FALSE
7/15/2024 19:00,US-SW-AZPS,0,0,0,1336,18,940,0,1601,0,32,0,0,24,3927,FALSE,19:00:00,7/15/2024,247,FALSE
7/15/2024 20:00,US-SW-AZPS,0,0,0,1392,34,850,0,1548,0,77,0,0,23,3901,FALSE,20:00:00,7/15/2024,249,FALSE
7/15/2024 21:00,US-SW-AZPS,0,0,0,1402,56,867,0,1676,0,81,0,0,23,4082,FALSE,21:00:00,7/15/2024,253,FALSE
7/15/2024 22:00,US-SW-AZPS,0,0,0,1390,121,941,0,1681,0,102,0,0,25,4235,FALSE,22:00:00,7/15/2024,300,FALSE
7/15/2024 23:00,US-SW-AZPS,0,0,0,1390,186,923,0,1679,0,144,0,0,26,4322,FALSE,23:00:00,7/15/2024,312,FALSE
7/16/2024 0:00,US-SW-AZPS,0,0,0,1391,316,839,0,1675,0,257,0,0,26,4478,FALSE,0:00:00,7/16/2024,322,FALSE
7/16/2024 4:00,US-SW-AZPS,0,0,0,1385,380,102,0,1655,0,221,0,0,13,3743,FALSE,4:00:00,7/16/2024,340,FALSE
7/16/2024 5:00,US-SW-AZPS,0,0,0,1389,342,104,0,1634,0,47,0,0,13,3516,FALSE,5:00:00,7/16/2024,387,FALSE
7/16/2024 6:00,US-SW-AZPS,0,0,0,1362,323,104,0,1549,0,40,0,0,13,3378,FALSE,6:00:00,7/16/2024,333,FALSE
7/15/2024 2:00,US-SW-EPE,2,0,0,13,15,34,1,1185,0,0,0,0,4,1250,FALSE,2:00:00,7/15/2024,422,FALSE
7/15/2024 3:00,US-SW-EPE,2,0,0,12,17,31,1,1169,0,0,0,0,4,1232,FALSE,3:00:00,7/15/2024,408,FALSE
7/15/2024 4:00,US-SW-EPE,2,0,0,11,20,14,1,1165,0,0,0,0,3,1212,FALSE,4:00:00,7/15/2024,420,FALSE
7/15/2024 5:00,US-SW-EPE,2,0,0,10,21,0,1,1122,0,0,0,0,2,1156,FALSE,5:00:00,7/15/2024,459,FALSE
7/15/2024 6:00,US-SW-EPE,2,0,0,9,22,0,1,1103,0,0,0,0,2,1137,FALSE,6:00:00,7/15/2024,489,FALSE
7/15/2024 19:00,US-SW-EPE,2,0,0,14,10,204,1,1029,0,0,0,0,17,1260,FALSE,19:00:00,7/15/2024,247,FALSE
7/15/2024 20:00,US-SW-EPE,1,0,0,11,8,204,1,1036,0,0,0,0,17,1261,FALSE,20:00:00,7/15/2024,249,FALSE
7/15/2024 21:00,US-SW-EPE,1,0,0,11,8,193,1,1027,0,0,0,0,16,1243,FALSE,21:00:00,7/15/2024,253,FALSE
7/15/2024 22:00,US-SW-EPE,4,0,0,32,22,194,3,1078,0,0,0,0,16,1334,FALSE,22:00:00,7/15/2024,300,FALSE
7/15/2024 23:00,US-SW-EPE,4,0,0,33,24,194,3,1060,0,0,0,0,17,1319,FALSE,23:00:00,7/15/2024,312,FALSE
7/16/2024 0:00,US-SW-EPE,5,0,0,35,30,167,3,1061,0,0,0,0,15,1300,FALSE,0:00:00,7/16/2024,322,FALSE
7/16/2024 1:00,US-SW-EPE,5,0,0,34,35,81,3,1068,0,0,0,0,10,1226,FALSE,1:00:00,7/16/2024,350,FALSE
7/16/2024 2:00,US-SW-EPE,5,0,0,34,41,43,3,1050,0,0,0,0,7,1175,FALSE,2:00:00,7/16/2024,352,FALSE
7/16/2024 3:00,US-SW-EPE,5,0,0,32,47,26,2,1049,0,0,0,0,6,1161,FALSE,3:00:00,7/16/2024,337,FALSE
7/16/2024 4:00,US-SW-EPE,6,0,0,30,50,11,1,1051,0,0,0,0,5,1150,FALSE,4:00:00,7/16/2024,340,FALSE
7/16/2024 5:00,US-SW-EPE,6,0,0,30,50,1,1,1025,0,0,0,0,5,1113,FALSE,5:00:00,7/16/2024,387,FALSE
7/16/2024 6:00,US-SW-EPE,2,0,0,12,21,0,0,1027,0,0,0,0,2,1063,FALSE,6:00:00,7/16/2024,333,FALSE
7/15/2024 2:00,US-SW-PNM,0,0,0,187,592,3,16,698,0,57,0,0,39,1553,FALSE,2:00:00,7/15/2024,422,FALSE
7/15/2024 3:00,US-SW-PNM,0,0,0,188,683,0,16,700,0,101,0,0,41,1688,FALSE,3:00:00,7/15/2024,408,FALSE
7/15/2024 4:00,US-SW-PNM,0,0,0,187,634,0,16,712,0,97,0,0,39,1646,FALSE,4:00:00,7/15/2024,420,FALSE
7/15/2024 5:00,US-SW-PNM,0,0,0,188,455,0,16,721,0,29,0,0,33,1409,FALSE,5:00:00,7/15/2024,459,FALSE
7/15/2024 6:00,US-SW-PNM,0,0,0,188,387,0,16,721,0,75,0,0,29,1387,FALSE,6:00:00,7/15/2024,489,FALSE
7/15/2024 19:00,US-SW-PNM,0,0,0,100,113,1030,15,548,0,0,0,0,64,1806,FALSE,19:00:00,7/15/2024,247,FALSE
7/15/2024 20:00,US-SW-PNM,0,0,0,100,134,1033,15,580,0,0,0,0,63,1862,FALSE,20:00:00,7/15/2024,249,FALSE
7/15/2024 21:00,US-SW-PNM,0,0,0,103,208,1032,15,657,0,0,0,0,62,2015,FALSE,21:00:00,7/15/2024,253,FALSE
7/15/2024 22:00,US-SW-PNM,0,0,0,187,261,977,15,724,0,0,0,0,58,2164,FALSE,22:00:00,7/15/2024,300,FALSE
7/15/2024 23:00,US-SW-PNM,0,0,0,187,402,771,15,726,0,21,0,0,56,2122,FALSE,23:00:00,7/15/2024,312,FALSE
7/16/2024 0:00,US-SW-PNM,0,0,0,189,651,436,15,726,0,17,0,0,54,2034,FALSE,0:00:00,7/16/2024,322,FALSE
7/16/2024 1:00,US-SW-PNM,0,0,0,188,908,146,15,726,0,158,0,0,50,2141,FALSE,1:00:00,7/16/2024,350,FALSE
7/16/2024 2:00,US-SW-PNM,0,0,0,188,1024,6,15,735,0,152,0,0,49,2120,FALSE,2:00:00,7/16/2024,352,FALSE
7/16/2024 3:00,US-SW-PNM,0,0,0,188,1074,0,15,705,0,116,0,0,52,2098,FALSE,3:00:00,7/16/2024,337,FALSE
7/16/2024 4:00,US-SW-PNM,0,0,0,187,998,0,15,684,0,81,0,0,52,1965,FALSE,4:00:00,7/16/2024,340,FALSE
7/16/2024 5:00,US-SW-PNM,0,0,0,186,762,0,15,679,0,95,0,0,45,1737,FALSE,5:00:00,7/16/2024,387,FALSE
7/16/2024 6:00,US-SW-PNM,0,0,0,97,659,0,16,610,0,12,0,0,48,1394,FALSE,6:00:00,7/16/2024,333,FALSE
7/15/2024 6:00,US-SW-SRP,3864,0,0,854,97,11,45,5024,0,218,0,0,2,10113,FALSE,6:00:00,7/15/2024,489,FALSE
7/15/2024 19:00,US-SW-SRP,3901,0,0,428,5,1059,10,4690,0,0,0,0,11,10093,FALSE,19:00:00,7/15/2024,247,FALSE
7/15/2024 20:00,US-SW-SRP,3922,0,0,556,65,1085,11,4984,0,0,0,0,11,10623,FALSE,20:00:00,7/15/2024,249,FALSE
7/15/2024 21:00,US-SW-SRP,3927,0,0,723,38,1106,10,4999,0,5,0,0,11,10808,FALSE,21:00:00,7/15/2024,253,FALSE
7/15/2024 22:00,US-SW-SRP,3929,0,0,832,30,1107,11,5050,0,1,0,0,10,10960,FALSE,22:00:00,7/15/2024,300,FALSE
7/15/2024 23:00,US-SW-SRP,3927,0,0,827,18,1086,10,5089,0,0,0,0,10,10957,FALSE,23:00:00,7/15/2024,312,FALSE
7/16/2024 0:00,US-SW-SRP,3923,0,0,914,97,982,15,5152,0,30,0,0,10,11113,FALSE,0:00:00,7/16/2024,322,FALSE
7/16/2024 4:00,US-SW-SRP,3933,0,0,873,45,320,189,5138,0,284,0,0,5,10782,FALSE,4:00:00,7/16/2024,340,FALSE
7/16/2024 5:00,US-SW-SRP,3934,0,0,795,9,184,47,5090,0,267,0,0,2,10326,FALSE,5:00:00,7/16/2024,387,FALSE
7/16/2024 6:00,US-SW-SRP,3929,0,0,588,33,31,46,5027,0,29,0,0,1,9683,FALSE,6:00:00,7/16/2024,333,FALSE
7/15/2024 2:00,US-SW-TEPC,0,0,0,424,67,2,0,1489,0,20,0,0,3,2002,FALSE,2:00:00,7/15/2024,422,FALSE
7/15/2024 3:00,US-SW-TEPC,0,0,0,422,76,0,0,1473,0,1,0,0,4,1972,FALSE,3:00:00,7/15/2024,408,FALSE
7/15/2024 4:00,US-SW-TEPC,0,0,0,423,99,0,0,1562,0,0,0,0,5,2084,FALSE,4:00:00,7/15/2024,420,FALSE
7/15/2024 5:00,US-SW-TEPC,0,0,0,423,174,0,0,1584,0,0,0,0,8,2181,FALSE,5:00:00,7/15/2024,459,FALSE
7/15/2024 6:00,US-SW-TEPC,0,0,0,417,158,0,0,1591,0,0,0,0,7,2166,FALSE,6:00:00,7/15/2024,489,FALSE
7/15/2024 19:00,US-SW-TEPC,0,0,0,263,15,313,0,1535,0,0,0,0,15,2126,FALSE,19:00:00,7/15/2024,247,FALSE
7/15/2024 20:00,US-SW-TEPC,0,0,0,315,32,306,0,1541,0,0,0,0,15,2194,FALSE,20:00:00,7/15/2024,249,FALSE
7/15/2024 21:00,US-SW-TEPC,0,0,0,373,43,282,0,1604,0,0,0,0,14,2302,FALSE,21:00:00,7/15/2024,253,FALSE
7/15/2024 22:00,US-SW-TEPC,0,0,0,422,38,293,0,1617,0,0,0,0,14,2370,FALSE,22:00:00,7/15/2024,300,FALSE
7/15/2024 23:00,US-SW-TEPC,0,0,0,419,25,259,0,1616,0,1,0,0,12,2320,FALSE,23:00:00,7/15/2024,312,FALSE
7/16/2024 0:00,US-SW-TEPC,0,0,0,422,36,233,0,1597,0,20,0,0,12,2308,FALSE,0:00:00,7/16/2024,322,FALSE
7/16/2024 1:00,US-SW-TEPC,0,0,0,422,65,105,0,1589,0,21,0,0,8,2202,FALSE,1:00:00,7/16/2024,350,FALSE
7/16/2024 2:00,US-SW-TEPC,0,0,0,422,87,5,0,1594,0,20,0,0,4,2128,FALSE,2:00:00,7/16/2024,352,FALSE
7/16/2024 3:00,US-SW-TEPC,0,0,0,421,91,0,0,1593,0,1,0,0,4,2106,FALSE,3:00:00,7/16/2024,337,FALSE
7/16/2024 4:00,US-SW-TEPC,0,0,0,417,121,0,0,1571,0,0,0,0,6,2109,FALSE,4:00:00,7/16/2024,340,FALSE
7/16/2024 5:00,US-SW-TEPC,0,0,0,419,136,0,0,1582,0,0,0,0,6,2137,FALSE,5:00:00,7/16/2024,387,FALSE
7/16/2024 6:00,US-SW-TEPC,0,0,0,404,117,0,0,1572,0,0,0,0,6,2093,FALSE,6:00:00,7/16/2024,333,FALSE
7/15/2024 19:00,US-SW-WALC,0,0,0,0,10,168,267,772,0,0,0,0,37,1217,FALSE,19:00:00,7/15/2024,247,FALSE
7/15/2024 20:00,US-SW-WALC,0,0,0,0,15,168,357,755,0,0,0,0,42,1295,FALSE,20:00:00,7/15/2024,249,FALSE
7/15/2024 21:00,US-SW-WALC,0,0,0,0,33,146,463,854,0,0,0,0,43,1496,FALSE,21:00:00,7/15/2024,253,FALSE
7/15/2024 22:00,US-SW-WALC,0,0,0,0,170,157,817,901,0,0,0,0,56,2045,FALSE,22:00:00,7/15/2024,300,FALSE
7/15/2024 23:00,US-SW-WALC,0,0,0,0,83,56,887,887,0,0,0,0,54,1913,FALSE,23:00:00,7/15/2024,312,FALSE
7/16/2024 0:00,US-SW-WALC,0,0,0,0,154,62,1011,920,0,0,0,0,57,2147,FALSE,0:00:00,7/16/2024,322,FALSE
7/16/2024 1:00,US-SW-WALC,0,0,0,0,90,49,1090,909,0,0,0,0,57,2138,FALSE,1:00:00,7/16/2024,350,FALSE
7/16/2024 2:00,US-SW-WALC,0,0,0,0,56,92,1089,897,0,0,0,0,58,2134,FALSE,2:00:00,7/16/2024,352,FALSE
7/16/2024 3:00,US-SW-WALC,0,0,0,0,135,90,1164,875,0,0,0,0,61,2264,FALSE,3:00:00,7/16/2024,337,FALSE
7/16/2024 4:00,US-SW-WALC,0,0,0,0,91,82,933,824,0,0,0,0,57,1930,FALSE,4:00:00,7/16/2024,340,FALSE
7/16/2024 5:00,US-SW-WALC,0,0,0,0,185,0,630,821,0,0,0,0,50,1636,FALSE,5:00:00,7/16/2024,387,FALSE
7/16/2024 6:00,US-SW-WALC,0,0,0,0,113,0,679,725,0,0,0,0,52,1517,FALSE,6:00:00,7/16/2024,333,FALSE
7/15/2024 2:00,US-TEX-ERCO,4949,0,0,9472,17572,72,45,33335,0,451,0,0,27,65895,FALSE,2:00:00,7/15/2024,422,FALSE
7/15/2024 3:00,US-TEX-ERCO,4944,0,0,8248,20014,0,3,29574,0,235,0,0,32,63018,FALSE,3:00:00,7/15/2024,408,FALSE
7/15/2024 4:00,US-TEX-ERCO,4948,0,0,6634,21535,1,3,26453,0,106,0,0,36,59680,FALSE,4:00:00,7/15/2024,420,FALSE
7/15/2024 19:00,US-TEX-ERCO,4930,0,0,11450,9932,18925,20,30693,0,187,0,0,38,76138,FALSE,19:00:00,7/15/2024,247,FALSE
7/15/2024 20:00,US-TEX-ERCO,4923,0,0,11697,10197,18406,29,32429,0,367,0,0,37,78048,FALSE,20:00:00,7/15/2024,249,FALSE
7/15/2024 21:00,US-TEX-ERCO,4927,0,0,11410,10445,17996,0,34373,0,318,0,0,36,79468,FALSE,21:00:00,7/15/2024,253,FALSE
7/15/2024 22:00,US-TEX-ERCO,4940,0,0,11527,10453,17131,30,35388,1,244,0,0,35,79714,FALSE,22:00:00,7/15/2024,300,FALSE
7/15/2024 23:00,US-TEX-ERCO,4936,0,0,11954,10395,14488,108,36203,0,497,0,0,32,78581,FALSE,23:00:00,7/15/2024,312,FALSE
7/16/2024 0:00,US-TEX-ERCO,4953,0,0,12594,11300,7013,227,37505,0,1864,0,0,25,75456,FALSE,0:00:00,7/16/2024,322,FALSE
7/16/2024 1:00,US-TEX-ERCO,4967,0,0,12624,13696,707,231,38422,1,1601,0,0,20,72248,FALSE,1:00:00,7/16/2024,350,FALSE
7/16/2024 2:00,US-TEX-ERCO,4946,0,0,12049,17421,0,103,35862,0,321,0,0,25,70703,FALSE,2:00:00,7/16/2024,352,FALSE
7/16/2024 3:00,US-TEX-ERCO,4941,0,0,10924,20092,0,11,30723,0,149,0,0,30,66840,FALSE,3:00:00,7/16/2024,337,FALSE
7/16/2024 4:00,US-TEX-ERCO,4942,0,0,8539,21642,0,2,27301,0,148,0,0,35,62576,FALSE,4:00:00,7/16/2024,340,FALSE
